<?xml version="1.0" encoding="windows-1252"?>
<UMLProfile profiletype="uml2">
	<Documentation id="A288551C-C" name="CityGML UML Profile" version="1.0" notes="CityGML UML Profile"/>
	<Content>
		<Stereotypes>
			<Stereotype name="ADEElement" notes="" cx="90" cy="70" bgcolor="-1" fontcolor="-1" bordercolor="-1" borderwidth="-1" hideicon="0">
				<AppliesTo>
					<Apply type="Class">
						<Property name="isActive" value=""/>
					</Apply>
				</AppliesTo>
				<TaggedValues>
					<Tag name="xsdEncodingRule" type="enumeration" description="" unit="" values="iso19136_2007,iso19139_2007,gml33,citygml-ade" default="citygml-ade"/>
				</TaggedValues>
			</Stereotype>
			<Stereotype name="ApplicationSchema" notes="An Application Schema conforming to ISO 19109 that shall represent an XML Schema document." cx="90" cy="70" bgcolor="-1" fontcolor="-1" bordercolor="-1" borderwidth="-1" hideicon="0">
				<AppliesTo>
					<Apply type="Package">
						<Property name="URI" value=""/>
					</Apply>
				</AppliesTo>
				<TaggedValues>
					<Tag name="targetNamespace" type="string" description="Target XML namespace of the application schema" unit="" values="" default="FIXME"/>
					<Tag name="xmlns" type="string" description="Namespace prefix to be used as short form of the target namespace" unit="" values="" default="FIXME"/>
					<Tag name="version" type="string" description="Current version of the application schema" unit="" values="" default="FIXME"/>
					<Tag name="xsdDocument" type="string" description="Name of an XML Schema document to create representing the content of this package" unit="" values="" default="FIXME"/>
					<Tag name="gmlProfileSchema" type="string" description="" unit="" values="" default=""/>
					<Tag name="xsdEncodingRule" type="enumeration" description="" unit="" values="iso19136_2007,iso19139_2007,gml33,citygml-ade" default="citygml-ade"/>
				</TaggedValues>
			</Stereotype>
			<Stereotype name="CodeList" notes="A code list." cx="90" cy="70" bgcolor="-1" fontcolor="-1" bordercolor="-1" borderwidth="-1" hideicon="0">
				<AppliesTo>
					<Apply type="Class">
						<Property name="isActive" value=""/>
					</Apply>
				</AppliesTo>
				<TaggedValues>
					<Tag name="codeList" type="string" description="The URI of the code list dictionary. This is similar to 'defaultCodeSpace', but is less GML-specific. Alias to 'vocabulary'." unit="" values="" default=""/>
					<Tag name="xsdEncodingRule" type="enumeration" description="" unit="" values="iso19136_2007,iso19139_2007,gml33,citygml-ade" default="citygml-ade"/>
					<Tag name="extensibility" type="enumeration" description="This refers to extensions by a third party, not to extensions by the owner of the vocabulary; the owner will always be able to revise the vocabulary. I.e., if the value is 'none', the referenced vocabulary may not be extended by third parties; if the value is 'narrower', the vocabulary may be extended by narrower terms that have an existing term as a parent; if the value is 'any', the vocabulary may be extended by additional terms on any level. This value must be 'any', empty or missing, if the value 'vocabulary' is empty or missing; in this case any vocabulary may be used." unit="" values="none,any,broader" default=""/>
				</TaggedValues>
			</Stereotype>
			<Stereotype name="DataType" notes="" cx="90" cy="70" bgcolor="-1" fontcolor="-1" bordercolor="-1" borderwidth="-1" hideicon="0">
				<AppliesTo>
					<Apply type="Class">
						<Property name="isActive" value=""/>
					</Apply>
				</AppliesTo>
				<TaggedValues>
					<Tag name="noPropertyType" type="boolean" description="Surpress creation of a standard property type that supports inline or by-reference encoding (applies to ISO 19136:2007 encoding rule)." unit="" values="true,false" default="false"/>
					<Tag name="isCollection" type="boolean" description="Identifies the type as an object collection." unit="" values="true,false" default="false"/>
					<Tag name="xsdEncodingRule" type="enumeration" description="" unit="" values="iso19136_2007,iso19139_2007,gml33,citygml-ade" default="citygml-ade"/>
				</TaggedValues>
			</Stereotype>
			<Stereotype name="Enumeration" notes="An enumeration" cx="90" cy="70" bgcolor="-1" fontcolor="-1" bordercolor="-1" borderwidth="-1" hideicon="0">
				<AppliesTo>
					<Apply type="Class">
						<Property name="isActive" value=""/>
					</Apply>
				</AppliesTo>
				<TaggedValues>
					<Tag name="xsdEncodingRule" type="enumeration" description="" unit="" values="iso19136_2007,iso19139_2007,gml33,citygml-ade" default="citygml-ade"/>
				</TaggedValues>
			</Stereotype>
			<Stereotype name="FeatureType" notes="" cx="90" cy="70" bgcolor="-1" fontcolor="-1" bordercolor="-1" borderwidth="-1" hideicon="0">
				<AppliesTo>
					<Apply type="Class">
						<Property name="isActive" value=""/>
					</Apply>
				</AppliesTo>
				<TaggedValues>
					<Tag name="xsdEncodingRule" type="enumeration" description="" unit="" values="iso19136_2007,iso19139_2007,gml33,citygml-ade" default="citygml-ade"/>
				</TaggedValues>
			</Stereotype>
			<Stereotype name="Leaf" notes="A sub package contained within an application schema and contains no packages. This represents a XML Schema within the same namespace as the Application Schema." cx="90" cy="70" bgcolor="-1" fontcolor="-1" bordercolor="-1" borderwidth="-1" hideicon="0">
				<AppliesTo>
					<Apply type="Package">
						<Property name="URI" value=""/>
					</Apply>
				</AppliesTo>
				<TaggedValues>
					<Tag name="xsdDocument" type="string" description="Name of an XML Schema document to create representing the content of this package" unit="" values="" default="FIXME"/>
					<Tag name="xsdEncodingRule" type="enumeration" description="" unit="" values="iso19136_2007,iso19139_2007,gml33,citygml-ade" default="citygml-ade"/>
				</TaggedValues>
			</Stereotype>
			<Stereotype name="Type" notes="" cx="90" cy="70" bgcolor="-1" fontcolor="-1" bordercolor="-1" borderwidth="-1" hideicon="0">
				<AppliesTo>
					<Apply type="Class">
						<Property name="isActive" value=""/>
					</Apply>
				</AppliesTo>
				<TaggedValues>
					<Tag name="noPropertyType" type="boolean" description="Surpress creation of a standard property type that supports inline or by-reference encoding (applies to ISO 19136:2007 encoding rule)." unit="" values="true,false" default="false"/>
					<Tag name="byValueProperty" type="boolean" description="Create a property type that requires that the instance is encoded inline (applies to ISO 19136:2007 encoding rule)." unit="" values="true,false" default="false"/>
					<Tag name="xmlSchemaType" type="string" description="If the type has a canonical XML Schema encoding the XML Schema typename corresponding to the data type shall be given as the value (applies to ISO 19136:2007 encoding rule)" unit="" values="" default=""/>
					<Tag name="gmlMixin" type="boolean" description="Identifies the feature type as a mixin type that will not be encoded as a separate element/type in the GML encoding." unit="" values="true,false" default="false"/>
					<Tag name="xsdEncodingRule" type="enumeration" description="" unit="" values="iso19136_2007,iso19139_2007,gml33,citygml-ade" default="citygml-ade"/>
				</TaggedValues>
			</Stereotype>
			<Stereotype name="Union" notes="A structured data type without identity where exactly one of the properties of the type is present in any instance." cx="90" cy="70" bgcolor="-1" fontcolor="-1" bordercolor="-1" borderwidth="-1" hideicon="0">
				<AppliesTo>
					<Apply type="Class">
						<Property name="isActive" value=""/>
					</Apply>
				</AppliesTo>
				<TaggedValues>
					<Tag name="noPropertyType" type="boolean" description="Surpress creation of a standard property type that supports inline or by-reference encoding (applies to ISO 19136:2007 encoding rule)." unit="" values="true,false" default="false"/>
					<Tag name="xsdEncodingRule" type="enumeration" description="" unit="" values="iso19136_2007,iso19139_2007,gml33,citygml-ade" default="citygml-ade"/>
				</TaggedValues>
			</Stereotype>
			<Stereotype name="import" notes="The model elements of the supplier package are imported." cx="90" cy="70" bgcolor="-1" fontcolor="-1" bordercolor="-1" borderwidth="-1" hideicon="0">
				<AppliesTo>
					<Apply type="Dependency">
						<Property name="direction" value="Source -&gt; Destination"/>
					</Apply>
				</AppliesTo>
			</Stereotype>
		</Stereotypes>
		<TaggedValueTypes/>
	</Content>
</UMLProfile>
