<?xml version="1.0" encoding="UTF-8"?>
<ShapeChangeConfiguration xmlns:xi="http://www.w3.org/2001/XInclude" xmlns="http://www.interactive-instruments.de/ShapeChange/Configuration/1.1" xmlns:sc="http://www.interactive-instruments.de/ShapeChange/Configuration/1.1" xmlns:xsi="http://www.w3.org/2001/XMLSchema-instance" xsi:schemaLocation="http://www.interactive-instruments.de/ShapeChange/Configuration/1.1 http://shapechange.net/resources/schema/ShapeChangeConfiguration.xsd">
    <input>
        <!-- Uncomment the relevant inputModelType lines below -->
        <!-- <parameter name="inputModelType" value="ea7"/>
        <parameter name="inputFile" value="[FIXME]"/> -->
        <!-- <parameter name="inputModelType" value="XMI10"/>
        <parameter name="inputFile" value="[FIXME]"/>-->
        <parameter name="appSchemaName" value="InclusiveRouting"/>
        <parameter name="publicOnly" value="true"/>
        <parameter name="checkingConstraints" value="disabled"/>
        <parameter name="sortedSchemaOutput" value="true"/>
        <xi:include href="http://shapechange.net/resources/config/StandardAliases.xml"/>
    </input>
    <log>
        <parameter name="reportLevel" value="INFO"/>
        <parameter name="logFile" value="log.xml"/>
    </log>
    <targets>
        <TargetXmlSchema class="de.interactive_instruments.ShapeChange.Target.XmlSchema.XmlSchema" mode="enabled">
            <targetParameter name="outputDirectory" value="test/outputInclusiveRoutingADESchema"/>
            <targetParameter name="sortedOutput" value="true"/>
            <targetParameter name="defaultEncodingRule" value="citygml-ade"/>
            <xi:include href="http://shapechange.net/resources/config/StandardRules.xml"/>
            <xi:include href="http://shapechange.net/resources/config/StandardNamespaces-v31.xml"/>
            <xi:include href="http://shapechange.net/resources/config/StandardMapEntries-v31.xml"/>
            <xmlNamespaces>
                <XmlNamespace nsabr="core" ns="http://www.opengis.net/citygml/2.0" location="http://schemas.opengis.net/citygml/2.0/cityGMLBase.xsd"/>
                <XmlNamespace nsabr="bldg" ns="http://www.opengis.net/citygml/building/2.0" location="http://schemas.opengis.net/citygml/building/2.0/building.xsd"/>
                <XmlNamespace nsabr="frn" ns="http://www.opengis.net/citygml/cityfurniture/2.0" location="http://schemas.opengis.net/citygml/cityfurniture/2.0/cityFurniture.xsd"/>
                <XmlNamespace nsabr="tran" ns="http://www.opengis.net/citygml/transportation/2.0" location="http://schemas.opengis.net/citygml/transportation/2.0/transportation.xsd"/>
            </xmlNamespaces>
            <xsdMapEntries>
                <XsdMapEntry type="AbstractCityObject" xsdEncodingRules="iso19136_2007" xmlType="core:AbstractCityObjectType" xmlElement="core:_CityObject" xmlPropertyType="_P_" />
                <XsdMapEntry type="AbstractTransportationObject" xsdEncodingRules="iso19136_2007" xmlType="tran:AbstractTransportationObjectType" xmlElement="tran:_TransportationObject" xmlPropertyType="_P_" />
                <XsdMapEntry type="boolean" xsdEncodingRules="citygml-ade" xmlPropertyType="boolean" xmlType="boolean" xmlTypeType="simple" xmlTypeContent="simple" />
                <XsdMapEntry type="IntegerList" xsdEncodingRules="citygml-ade" xmlPropertyType="gml:integerList" xmlType="gml:integerList" xmlTypeType="simple" xmlTypeContent="complex" />
                <XsdMapEntry type="NonNegativeInteger" xsdEncodingRules="citygml-ade" xmlPropertyType="nonNegativeInteger" xmlType="nonNegativeInteger" xmlTypeType="simple" xmlTypeContent="simple" />
            </xsdMapEntries>
        </TargetXmlSchema>
    </targets>
</ShapeChangeConfiguration>