coo: 45.75; 4.85;E 00:00:00;A 00:00:00;E 01:00:00;A 01:00:00;E 02:00:00;A 02:00:00;E 03:00:00;A 03:00:00;E 04:00:00;A 04:00:00;E 05:00:00;A 05:00:00;E 06:00:00;A 06:00:00;E 07:00:00;A 07:00:00;E 08:00:00;A 08:00:00;E 09:00:00;A 09:00:00;E 10:00:00;A 10:00:00;E 11:00:00;A 11:00:00;E 12:00:00;A 12:00:00;E 13:00:00;A 13:00:00;E 14:00:00;A 14:00:00;E 15:00:00;A 15:00:00;E 16:00:00;A 16:00:00;E 17:00:00;A 17:00:00;E 18:00:00;A 18:00:00;E 19:00:00;A 19:00:00;E 20:00:00;A 20:00:00;E 21:00:00;A 21:00:00;E 22:00:00;A 22:00:00;E 23:00:00;A 23:00:00;
2016-01-01;--;--;--;--;--;--;--;--;--;--;--;--;--;--;--;--;--;--;4.54;130.09;11.81;141.94;17.28;155.03;20.50;169.21;21.13;183.96;19.09;198.49;14.62;212.14;8.13;224.56;0.09;235.82;--;--;--;--;--;--;--;--;--;--;--;--;
2016-01-02;--;--;--;--;--;--;--;--;--;--;--;--;--;--;--;--;--;--;4.54;129.95;11.83;141.80;17.33;154.89;20.57;169.08;21.22;183.85;19.20;198.41;14.74;212.07;8.26;224.51;0.23;235.79;--;--;--;--;--;--;--;--;--;--;--;--;
2016-01-03;--;--;--;--;--;--;--;--;--;--;--;--;--;--;--;--;--;--;4.55;129.81;11.86;141.66;17.38;154.76;20.65;168.96;21.32;183.74;19.32;198.32;14.87;212.01;8.39;224.47;0.37;235.76;--;--;--;--;--;--;--;--;--;--;--;--;
2016-01-04;--;--;--;--;--;--;--;--;--;--;--;--;--;--;--;--;--;--;4.57;129.67;11.90;141.52;17.44;154.62;20.73;168.83;21.42;183.63;19.44;198.23;15.00;211.95;8.53;224.44;0.51;235.74;--;--;--;--;--;--;--;--;--;--;--;--;
2016-01-05;--;--;--;--;--;--;--;--;--;--;--;--;--;--;--;--;--;--;4.60;129.52;11.94;141.38;17.50;154.48;20.82;168.70;21.53;183.52;19.57;198.15;15.14;211.89;8.68;224.40;0.66;235.73;--;--;--;--;--;--;--;--;--;--;--;--;
2016-01-06;--;--;--;--;--;--;--;--;--;--;--;--;--;--;--;--;--;--;4.63;129.37;11.99;141.23;17.58;154.34;20.92;168.58;21.65;183.42;19.70;198.08;15.29;211.84;8.83;224.38;0.82;235.72;--;--;--;--;--;--;--;--;--;--;--;--;
2016-01-07;--;--;--;--;--;--;--;--;--;--;--;--;--;--;--;--;--;--;4.67;129.22;12.05;141.08;17.66;154.20;21.02;168.45;21.78;183.32;19.84;198.00;15.44;211.80;8.99;224.36;0.97;235.72;--;--;--;--;--;--;--;--;--;--;--;--;
2016-01-08;--;--;--;--;--;--;--;--;--;--;--;--;--;--;--;--;--;--;4.71;129.06;12.11;140.93;17.75;154.05;21.13;168.32;21.91;183.22;19.99;197.93;15.60;211.76;9.15;224.34;1.14;235.72;--;--;--;--;--;--;--;--;--;--;--;--;
2016-01-09;--;--;--;--;--;--;--;--;--;--;--;--;--;--;--;--;--;--;4.76;128.90;12.19;140.77;17.84;153.91;21.25;168.20;22.05;183.12;20.15;197.86;15.76;211.72;9.32;224.33;1.31;235.73;--;--;--;--;--;--;--;--;--;--;--;--;
2016-01-10;--;--;--;--;--;--;--;--;--;--;--;--;--;--;--;--;--;--;4.82;128.74;12.27;140.62;17.95;153.76;21.38;168.07;22.20;183.02;20.31;197.80;15.93;211.69;9.49;224.33;1.48;235.75;--;--;--;--;--;--;--;--;--;--;--;--;
2016-01-11;--;--;--;--;--;--;--;--;--;--;--;--;--;--;--;--;--;--;4.89;128.58;12.35;140.46;18.06;153.62;21.51;167.95;22.35;182.92;20.48;197.74;16.11;211.66;9.67;224.33;1.66;235.77;--;--;--;--;--;--;--;--;--;--;--;--;
2016-01-12;--;--;--;--;--;--;--;--;--;--;--;--;--;--;--;--;--;--;4.96;128.41;12.45;140.30;18.17;153.47;21.65;167.82;22.51;182.83;20.65;197.68;16.29;211.64;9.85;224.33;1.84;235.80;--;--;--;--;--;--;--;--;--;--;--;--;
2016-01-13;--;--;--;--;--;--;--;--;--;--;--;--;--;--;--;--;--;--;5.04;128.24;12.55;140.14;18.30;153.33;21.80;167.70;22.68;182.74;20.83;197.63;16.48;211.62;10.04;224.34;2.02;235.83;--;--;--;--;--;--;--;--;--;--;--;--;
2016-01-14;--;--;--;--;--;--;--;--;--;--;--;--;--;--;--;--;--;--;5.13;128.07;12.66;139.98;18.43;153.18;21.96;167.58;22.86;182.66;21.02;197.58;16.67;211.61;10.23;224.36;2.21;235.87;--;--;--;--;--;--;--;--;--;--;--;--;
2016-01-15;--;--;--;--;--;--;--;--;--;--;--;--;--;--;--;--;--;--;5.22;127.90;12.77;139.81;18.57;153.03;22.12;167.46;23.04;182.57;21.22;197.54;16.87;211.60;10.43;224.38;2.40;235.91;--;--;--;--;--;--;--;--;--;--;--;--;
2016-01-16;--;--;--;--;--;--;--;--;--;--;--;--;--;--;--;--;--;--;5.32;127.72;12.89;139.65;18.72;152.88;22.29;167.34;23.23;182.49;21.41;197.50;17.07;211.60;10.63;224.41;2.60;235.97;--;--;--;--;--;--;--;--;--;--;--;--;
2016-01-17;--;--;--;--;--;--;--;--;--;--;--;--;--;--;--;--;--;--;5.43;127.54;13.02;139.48;18.87;152.74;22.46;167.22;23.42;182.41;21.62;197.46;17.28;211.60;10.84;224.45;2.80;236.02;--;--;--;--;--;--;--;--;--;--;--;--;
2016-01-18;--;--;--;--;--;--;--;--;--;--;--;--;--;--;--;--;--;--;5.54;127.36;13.16;139.31;19.03;152.59;22.65;167.10;23.62;182.33;21.83;197.43;17.49;211.61;11.05;224.49;3.01;236.09;--;--;--;--;--;--;--;--;--;--;--;--;
2016-01-19;--;--;--;--;--;--;--;--;--;--;--;--;--;--;--;--;--;--;5.66;127.18;13.30;139.14;19.20;152.44;22.84;166.99;23.83;182.26;22.05;197.40;17.71;211.62;11.26;224.53;3.21;236.16;--;--;--;--;--;--;--;--;--;--;--;--;
2016-01-20;--;--;--;--;--;--;--;--;--;--;--;--;--;--;--;--;--;--;5.79;127.00;13.45;138.98;19.37;152.29;23.03;166.87;24.04;182.19;22.27;197.38;17.93;211.64;11.48;224.58;3.42;236.23;--;--;--;--;--;--;--;--;--;--;--;--;
2016-01-21;--;--;--;--;--;--;--;--;--;--;--;--;--;--;--;--;--;--;5.92;126.81;13.60;138.80;19.55;152.14;23.24;166.76;24.26;182.12;22.50;197.36;18.16;211.67;11.70;224.64;3.64;236.32;--;--;--;--;--;--;--;--;--;--;--;--;
2016-01-22;--;--;--;--;--;--;--;--;--;--;--;--;--;--;--;--;--;--;6.06;126.63;13.77;138.63;19.74;151.99;23.45;166.64;24.49;182.05;22.73;197.34;18.39;211.69;11.93;224.70;3.86;236.40;--;--;--;--;--;--;--;--;--;--;--;--;
2016-01-23;--;--;--;--;--;--;--;--;--;--;--;--;--;--;--;--;--;--;6.21;126.44;13.94;138.46;19.93;151.85;23.66;166.53;24.72;181.99;22.97;197.33;18.63;211.73;12.16;224.77;4.08;236.50;--;--;--;--;--;--;--;--;--;--;--;--;
2016-01-24;--;--;--;--;--;--;--;--;--;--;--;--;--;--;--;--;--;--;6.36;126.25;14.11;138.29;20.13;151.70;23.88;166.43;24.96;181.93;23.21;197.33;18.87;211.77;12.39;224.85;4.30;236.60;--;--;--;--;--;--;--;--;--;--;--;--;
2016-01-25;--;--;--;--;--;--;--;--;--;--;--;--;--;--;--;--;--;--;6.52;126.06;14.29;138.11;20.33;151.55;24.11;166.32;25.20;181.88;23.46;197.32;19.12;211.81;12.63;224.93;4.52;236.70;--;--;--;--;--;--;--;--;--;--;--;--;
2016-01-26;--;--;--;--;--;--;--;--;--;--;--;--;--;--;--;--;--;--;6.69;125.86;14.48;137.94;20.55;151.41;24.35;166.21;25.45;181.82;23.72;197.33;19.36;211.86;12.87;225.01;4.75;236.82;--;--;--;--;--;--;--;--;--;--;--;--;
2016-01-27;--;--;--;--;--;--;--;--;--;--;--;--;--;--;--;--;--;--;6.86;125.67;14.68;137.76;20.77;151.26;24.59;166.11;25.70;181.77;23.98;197.33;19.62;211.92;13.11;225.11;4.98;236.93;--;--;--;--;--;--;--;--;--;--;--;--;
2016-01-28;--;--;--;--;--;--;--;--;--;--;--;--;--;--;--;--;--;--;7.04;125.48;14.88;137.59;20.99;151.11;24.83;166.01;25.97;181.73;24.24;197.34;19.88;211.98;13.35;225.20;5.22;237.06;--;--;--;--;--;--;--;--;--;--;--;--;
2016-01-29;--;--;--;--;--;--;--;--;--;--;--;--;--;--;--;--;--;--;7.22;125.28;15.09;137.41;21.22;150.97;25.09;165.91;26.23;181.68;24.51;197.36;20.14;212.05;13.60;225.31;5.45;237.19;--;--;--;--;--;--;--;--;--;--;--;--;
2016-01-30;--;--;--;--;--;--;--;--;--;--;--;--;--;--;--;--;--;--;7.41;125.08;15.30;137.24;21.46;150.82;25.34;165.81;26.50;181.64;24.78;197.38;20.40;212.12;13.86;225.42;5.69;237.32;--;--;--;--;--;--;--;--;--;--;--;--;
2016-01-31;--;--;--;--;--;--;--;--;--;--;--;--;--;--;--;--;--;--;7.61;124.89;15.52;137.06;21.70;150.68;25.61;165.71;26.78;181.61;25.06;197.41;20.67;212.20;14.11;225.53;5.93;237.47;--;--;--;--;--;--;--;--;--;--;--;--;
2016-02-01;--;--;--;--;--;--;--;--;--;--;--;--;--;--;--;--;--;--;7.81;124.69;15.74;136.88;21.95;150.54;25.88;165.62;27.06;181.58;25.34;197.44;20.94;212.28;14.37;225.65;6.18;237.61;--;--;--;--;--;--;--;--;--;--;--;--;
2016-02-02;--;--;--;--;--;--;--;--;--;--;--;--;--;--;--;--;--;--;8.02;124.49;15.97;136.71;22.21;150.39;26.15;165.52;27.35;181.55;25.62;197.47;21.22;212.37;14.63;225.78;6.42;237.77;--;--;--;--;--;--;--;--;--;--;--;--;
2016-02-03;--;--;--;--;--;--;--;--;--;--;--;--;--;--;--;--;--;--;8.23;124.29;16.21;136.53;22.47;150.25;26.43;165.43;27.64;181.52;25.91;197.51;21.50;212.46;14.89;225.91;6.67;237.92;--;--;--;--;--;--;--;--;--;--;--;--;
2016-02-04;--;--;--;--;--;--;--;--;--;--;--;--;--;--;--;--;-0.74;112.99;8.45;124.09;16.45;136.35;22.73;150.11;26.72;165.35;27.93;181.50;26.21;197.56;21.78;212.56;15.16;226.05;6.92;238.09;--;--;--;--;--;--;--;--;--;--;--;--;
2016-02-05;--;--;--;--;--;--;--;--;--;--;--;--;--;--;--;--;-0.54;112.77;8.68;123.89;16.70;136.18;23.00;149.97;27.01;165.26;28.23;181.48;26.51;197.61;22.06;212.67;15.43;226.20;7.17;238.26;--;--;--;--;--;--;--;--;--;--;--;--;
2016-02-06;--;--;--;--;--;--;--;--;--;--;--;--;--;--;--;--;-0.32;112.55;8.91;123.69;16.95;136.00;23.28;149.83;27.30;165.18;28.54;181.47;26.81;197.66;22.35;212.78;15.69;226.35;7.42;238.43;--;--;--;--;--;--;--;--;--;--;--;--;
2016-02-07;--;--;--;--;--;--;--;--;--;--;--;--;--;--;--;--;-0.11;112.34;9.14;123.49;17.21;135.82;23.56;149.69;27.61;165.09;28.85;181.46;27.11;197.72;22.64;212.90;15.97;226.50;7.67;238.62;--;--;--;--;--;--;--;--;--;--;--;--;
2016-02-08;--;--;--;--;--;--;--;--;--;--;--;--;--;--;--;--;0.12;112.12;9.39;123.29;17.48;135.64;23.85;149.55;27.91;165.01;29.16;181.45;27.42;197.79;22.94;213.02;16.24;226.66;7.92;238.80;--;--;--;--;--;--;--;--;--;--;--;--;
2016-02-09;--;--;--;--;--;--;--;--;--;--;--;--;--;--;--;--;0.35;111.90;9.63;123.08;17.74;135.47;24.14;149.42;28.22;164.94;29.48;181.44;27.73;197.86;23.23;213.14;16.52;226.83;8.18;238.99;--;--;--;--;--;--;--;--;--;--;--;--;
2016-02-10;--;--;--;--;--;--;--;--;--;--;--;--;--;--;--;--;0.58;111.68;9.88;122.88;18.02;135.29;24.44;149.28;28.54;164.86;29.80;181.44;28.05;197.93;23.53;213.28;16.79;227.00;8.44;239.19;--;--;--;--;--;--;--;--;--;--;--;--;
2016-02-11;--;--;--;--;--;--;--;--;--;--;--;--;--;--;--;--;0.82;111.46;10.14;122.68;18.30;135.11;24.74;149.14;28.86;164.79;30.13;181.45;28.37;198.01;23.83;213.42;17.07;227.18;8.69;239.39;-0.77;250.49;--;--;--;--;--;--;--;--;--;--;
2016-02-12;--;--;--;--;--;--;--;--;--;--;--;--;--;--;--;--;1.06;111.24;10.40;122.48;18.58;134.94;25.05;149.01;29.18;164.72;30.46;181.45;28.69;198.09;24.13;213.56;17.35;227.36;8.95;239.60;-0.52;250.71;--;--;--;--;--;--;--;--;--;--;
2016-02-13;--;--;--;--;--;--;--;--;--;--;--;--;--;--;--;--;1.31;111.01;10.67;122.27;18.87;134.76;25.36;148.88;29.51;164.65;30.79;181.47;29.01;198.18;24.44;213.71;17.63;227.55;9.21;239.81;-0.28;250.94;--;--;--;--;--;--;--;--;--;--;
2016-02-14;--;--;--;--;--;--;--;--;--;--;--;--;--;--;--;--;1.57;110.79;10.94;122.07;19.16;134.58;25.67;148.74;29.84;164.58;31.13;181.48;29.34;198.28;24.75;213.86;17.92;227.74;9.47;240.03;-0.04;251.17;--;--;--;--;--;--;--;--;--;--;
2016-02-15;--;--;--;--;--;--;--;--;--;--;--;--;--;--;--;--;1.82;110.57;11.22;121.87;19.46;134.41;25.99;148.61;30.18;164.52;31.47;181.50;29.67;198.38;25.06;214.02;18.20;227.94;9.74;240.26;0.21;251.41;--;--;--;--;--;--;--;--;--;--;
2016-02-16;--;--;--;--;--;--;--;--;--;--;--;--;--;--;--;--;2.09;110.35;11.50;121.66;19.76;134.23;26.31;148.48;30.52;164.45;31.81;181.52;30.00;198.48;25.37;214.19;18.48;228.15;10.00;240.48;0.45;251.66;--;--;--;--;--;--;--;--;--;--;
2016-02-17;--;--;--;--;--;--;--;--;--;--;--;--;--;--;--;--;2.35;110.13;11.78;121.46;20.07;134.06;26.64;148.35;30.86;164.39;32.16;181.55;30.34;198.59;25.68;214.36;18.77;228.36;10.26;240.72;0.70;251.90;--;--;--;--;--;--;--;--;--;--;
2016-02-18;--;--;--;--;--;--;--;--;--;--;--;--;--;--;--;--;2.63;109.91;12.07;121.26;20.38;133.88;26.97;148.22;31.21;164.33;32.51;181.58;30.68;198.70;25.99;214.54;19.06;228.57;10.52;240.95;0.94;252.16;--;--;--;--;--;--;--;--;--;--;
2016-02-19;--;--;--;--;--;--;--;--;--;--;--;--;--;--;--;--;2.90;109.68;12.36;121.05;20.69;133.71;27.31;148.10;31.56;164.28;32.86;181.61;31.02;198.82;26.31;214.72;19.35;228.79;10.79;241.19;1.19;252.41;--;--;--;--;--;--;--;--;--;--;
2016-02-20;--;--;--;--;--;--;--;--;--;--;--;--;--;--;--;--;3.18;109.46;12.66;120.85;21.01;133.53;27.65;147.97;31.91;164.22;33.22;181.65;31.36;198.94;26.62;214.90;19.63;229.02;11.05;241.44;1.43;252.67;--;--;--;--;--;--;--;--;--;--;
2016-02-21;--;--;--;--;--;--;--;--;--;--;--;--;--;--;--;--;3.47;109.24;12.96;120.64;21.33;133.36;27.99;147.84;32.27;164.17;33.58;181.69;31.70;199.07;26.94;215.10;19.92;229.25;11.32;241.69;1.68;252.94;--;--;--;--;--;--;--;--;--;--;
2016-02-22;--;--;--;--;--;--;--;--;--;--;--;--;--;--;--;--;3.75;109.02;13.26;120.44;21.65;133.18;28.34;147.72;32.63;164.12;33.94;181.73;32.05;199.20;27.26;215.29;20.21;229.48;11.58;241.95;1.93;253.21;--;--;--;--;--;--;--;--;--;--;
2016-02-23;--;--;--;--;--;--;--;--;--;--;--;--;--;--;--;--;4.04;108.80;13.57;120.24;21.98;133.01;28.69;147.59;33.00;164.08;34.30;181.78;32.39;199.34;27.58;215.49;20.50;229.72;11.85;242.21;2.17;253.48;--;--;--;--;--;--;--;--;--;--;
2016-02-24;--;--;--;--;--;--;--;--;--;--;--;--;--;--;--;--;4.34;108.57;13.88;120.03;22.31;132.83;29.04;147.47;33.36;164.03;34.67;181.83;32.74;199.48;27.90;215.70;20.79;229.96;12.11;242.47;2.42;253.75;--;--;--;--;--;--;--;--;--;--;
2016-02-25;--;--;--;--;--;--;--;--;--;--;--;--;--;--;--;--;4.64;108.35;14.20;119.83;22.65;132.66;29.40;147.35;33.73;163.99;35.04;181.89;33.09;199.63;28.22;215.91;21.09;230.21;12.38;242.74;2.67;254.03;--;--;--;--;--;--;--;--;--;--;
2016-02-26;--;--;--;--;--;--;--;--;--;--;--;--;--;--;--;--;4.94;108.13;14.51;119.62;22.99;132.48;29.75;147.23;34.11;163.95;35.41;181.94;33.45;199.78;28.55;216.13;21.38;230.46;12.64;243.01;2.91;254.32;--;--;--;--;--;--;--;--;--;--;
2016-02-27;--;--;--;--;--;--;--;--;--;--;--;--;--;--;--;--;5.24;107.91;14.83;119.42;23.33;132.31;30.12;147.10;34.48;163.91;35.78;182.01;33.80;199.94;28.87;216.35;21.67;230.72;12.91;243.28;3.16;254.60;--;--;--;--;--;--;--;--;--;--;
2016-02-28;--;--;--;--;--;--;--;--;--;--;--;--;--;--;--;--;5.55;107.69;15.16;119.22;23.67;132.14;30.48;146.98;34.86;163.87;36.16;182.07;34.16;200.10;29.19;216.58;21.96;230.98;13.17;243.56;3.41;254.89;--;--;--;--;--;--;--;--;--;--;
2016-02-29;--;--;--;--;--;--;--;--;--;--;--;--;--;--;--;--;5.86;107.47;15.48;119.01;24.02;131.96;30.85;146.86;35.24;163.83;36.54;182.14;34.51;200.27;29.52;216.81;22.25;231.25;13.44;243.85;3.65;255.18;--;--;--;--;--;--;--;--;--;--;
2016-03-01;--;--;--;--;--;--;--;--;--;--;--;--;--;--;--;--;6.18;107.25;15.81;118.81;24.37;131.79;31.22;146.75;35.62;163.80;36.92;182.21;34.87;200.44;29.84;217.04;22.54;231.52;13.70;244.13;3.90;255.48;--;--;--;--;--;--;--;--;--;--;
2016-03-02;--;--;--;--;--;--;--;--;--;--;--;--;--;--;--;--;6.49;107.03;16.14;118.60;24.72;131.62;31.59;146.63;36.01;163.77;37.30;182.29;35.23;200.61;30.17;217.28;22.83;231.79;13.96;244.42;4.14;255.78;--;--;--;--;--;--;--;--;--;--;
2016-03-03;--;--;--;--;--;--;--;--;--;--;--;--;--;--;--;--;6.81;106.80;16.48;118.40;25.07;131.44;31.96;146.51;36.39;163.74;37.68;182.37;35.59;200.79;30.49;217.53;23.12;232.07;14.23;244.72;4.39;256.08;--;--;--;--;--;--;--;--;--;--;
2016-03-04;--;--;--;--;--;--;--;--;--;--;--;--;--;--;--;--;7.13;106.58;16.81;118.20;25.43;131.27;32.34;146.39;36.78;163.71;38.06;182.45;35.95;200.97;30.81;217.78;23.41;232.35;14.49;245.01;4.63;256.38;--;--;--;--;--;--;--;--;--;--;
2016-03-05;--;--;--;--;--;--;--;--;--;--;--;--;--;--;--;--;7.46;106.36;17.15;117.99;25.78;131.10;32.72;146.27;37.17;163.68;38.45;182.54;36.31;201.16;31.14;218.03;23.70;232.64;14.75;245.31;4.88;256.69;--;--;--;--;--;--;--;--;--;--;
2016-03-06;--;--;--;--;--;--;--;--;--;--;--;--;--;--;--;--;7.78;106.14;17.49;117.79;26.14;130.92;33.10;146.16;37.56;163.66;38.83;182.63;36.67;201.35;31.46;218.29;23.99;232.93;15.01;245.61;5.12;257.00;--;--;--;--;--;--;--;--;--;--;
2016-03-07;--;--;--;--;--;--;--;--;--;--;--;--;--;--;--;--;8.11;105.92;17.83;117.58;26.51;130.75;33.48;146.04;37.96;163.64;39.22;182.72;37.03;201.55;31.79;218.55;24.28;233.22;15.27;245.92;5.36;257.31;--;--;--;--;--;--;--;--;--;--;
2016-03-08;--;--;--;--;--;--;--;--;--;--;--;--;--;--;--;--;8.44;105.70;18.18;117.38;26.87;130.57;33.86;145.92;38.35;163.62;39.61;182.82;37.39;201.75;32.11;218.82;24.57;233.52;15.54;246.23;5.61;257.62;--;--;--;--;--;--;--;--;--;--;
2016-03-09;--;--;--;--;--;--;--;--;--;--;--;--;--;--;--;--;8.77;105.48;18.52;117.17;27.23;130.40;34.24;145.81;38.75;163.59;40.00;182.92;37.75;201.96;32.44;219.09;24.86;233.82;15.80;246.54;5.85;257.94;--;--;--;--;--;--;--;--;--;--;
2016-03-10;--;--;--;--;--;--;--;--;--;--;--;--;--;--;--;--;9.10;105.26;18.87;116.97;27.60;130.23;34.63;145.69;39.14;163.58;40.39;183.02;38.11;202.17;32.76;219.36;25.15;234.12;16.05;246.85;6.09;258.26;--;--;--;--;--;--;--;--;--;--;
2016-03-11;--;--;--;--;--;--;--;--;--;--;--;--;--;--;--;--;9.44;105.04;19.22;116.76;27.97;130.05;35.02;145.58;39.54;163.56;40.78;183.13;38.47;202.38;33.08;219.64;25.43;234.43;16.31;247.17;6.33;258.57;--;--;--;--;--;--;--;--;--;--;
2016-03-12;--;--;--;--;--;--;--;--;--;--;--;--;--;--;-0.56;93.92;9.77;104.82;19.57;116.56;28.33;129.88;35.41;145.46;39.94;163.54;41.17;183.24;38.83;202.60;33.40;219.92;25.72;234.74;16.57;247.49;6.57;258.89;--;--;--;--;--;--;--;--;--;--;
2016-03-13;--;--;--;--;--;--;--;--;--;--;--;--;--;--;-0.23;93.69;10.11;104.60;19.92;116.35;28.70;129.70;35.79;145.35;40.34;163.53;41.56;183.35;39.20;202.82;33.73;220.21;26.00;235.05;16.83;247.81;6.81;259.22;--;--;--;--;--;--;--;--;--;--;
2016-03-14;--;--;--;--;--;--;--;--;--;--;--;--;--;--;0.10;93.47;10.44;104.38;20.27;116.15;29.07;129.52;36.18;145.23;40.74;163.51;41.95;183.46;39.56;203.04;34.05;220.50;26.29;235.37;17.08;248.13;7.05;259.54;--;--;--;--;--;--;--;--;--;--;
2016-03-15;--;--;--;--;--;--;--;--;--;--;--;--;--;--;0.44;93.24;10.78;104.16;20.62;115.94;29.44;129.35;36.57;145.11;41.14;163.50;42.34;183.58;39.92;203.27;34.37;220.79;26.57;235.69;17.34;248.45;7.29;259.87;--;--;--;--;--;--;--;--;--;--;
2016-03-16;--;--;--;--;--;--;--;--;--;--;--;--;--;--;0.77;93.02;11.12;103.95;20.97;115.73;29.81;129.17;36.96;145.00;41.54;163.49;42.73;183.70;40.28;203.51;34.69;221.09;26.85;236.01;17.59;248.78;7.53;260.19;--;--;--;--;--;--;--;--;--;--;
2016-03-17;--;--;--;--;--;--;--;--;--;--;--;--;--;--;1.10;92.79;11.46;103.73;21.32;115.53;30.19;128.99;37.36;144.88;41.94;163.48;43.12;183.82;40.64;203.74;35.00;221.39;27.13;236.33;17.85;249.11;7.77;260.52;--;--;--;--;--;--;--;--;--;--;
2016-03-18;--;--;--;--;--;--;--;--;--;--;--;--;--;--;1.44;92.57;11.80;103.51;21.68;115.32;30.56;128.81;37.75;144.77;42.35;163.47;43.52;183.95;40.99;203.98;35.32;221.69;27.41;236.66;18.10;249.44;8.00;260.85;--;--;--;--;--;--;--;--;--;--;
2016-03-19;--;--;--;--;--;--;--;--;--;--;--;--;--;--;1.77;92.35;12.14;103.29;22.03;115.11;30.93;128.64;38.14;144.65;42.75;163.46;43.91;184.08;41.35;204.22;35.64;222.00;27.69;236.98;18.35;249.77;8.24;261.18;--;--;--;--;--;--;--;--;--;--;
2016-03-20;--;--;--;--;--;--;--;--;--;--;--;--;--;--;2.11;92.12;12.48;103.07;22.38;114.90;31.30;128.46;38.53;144.53;43.15;163.45;44.30;184.21;41.71;204.47;35.95;222.31;27.96;237.31;18.60;250.10;8.47;261.51;--;--;--;--;--;--;--;--;--;--;
2016-03-21;--;--;--;--;--;--;--;--;--;--;--;--;--;--;2.44;91.90;12.82;102.85;22.73;114.69;31.67;128.27;38.92;144.41;43.55;163.44;44.69;184.34;42.07;204.72;36.26;222.62;28.24;237.65;18.85;250.43;8.71;261.84;--;--;--;--;--;--;--;--;--;--;
2016-03-22;--;--;--;--;--;--;--;--;--;--;--;--;--;--;2.78;91.68;13.16;102.63;23.09;114.49;32.04;128.09;39.31;144.29;43.95;163.44;45.08;184.48;42.42;204.97;36.58;222.93;28.51;237.98;19.10;250.77;8.94;262.17;--;--;--;--;--;--;--;--;--;--;
2016-03-23;--;--;--;--;--;--;--;--;--;--;--;--;--;--;3.11;91.46;13.50;102.41;23.44;114.28;32.41;127.91;39.70;144.17;44.36;163.43;45.47;184.61;42.78;205.23;36.89;223.25;28.79;238.31;19.34;251.10;9.18;262.50;--;--;--;--;--;--;--;--;--;--;
2016-03-24;--;--;--;--;--;--;--;--;--;--;--;--;--;--;3.45;91.24;13.84;102.19;23.79;114.07;32.78;127.73;40.09;144.05;44.76;163.42;45.86;184.75;43.13;205.49;37.20;223.57;29.06;238.65;19.59;251.44;9.41;262.83;--;--;--;--;--;--;--;--;--;--;
2016-03-25;--;--;--;--;--;--;--;--;--;--;--;--;--;--;3.78;91.02;14.18;101.97;24.14;113.85;33.15;127.54;40.48;143.93;45.16;163.42;46.25;184.89;43.48;205.75;37.50;223.89;29.33;238.99;19.83;251.77;9.64;263.16;-0.80;273.97;--;--;--;--;--;--;--;--;
2016-03-26;--;--;--;--;--;--;--;--;--;--;--;--;--;--;4.11;90.80;14.52;101.75;24.49;113.64;33.52;127.36;40.87;143.81;45.56;163.41;46.63;185.04;43.83;206.02;37.81;224.21;29.60;239.33;20.07;252.11;9.87;263.49;-0.57;274.30;--;--;--;--;--;--;--;--;
2016-03-27;--;--;--;--;--;--;--;--;--;--;--;--;--;--;4.45;90.58;14.85;101.53;24.84;113.43;33.89;127.17;41.26;143.69;45.95;163.41;47.02;185.18;44.18;206.28;38.11;224.54;29.86;239.67;20.32;252.45;10.10;263.82;-0.34;274.62;--;--;--;--;--;--;--;--;
2016-03-28;--;--;--;--;--;--;--;--;--;--;--;--;--;--;4.78;90.36;15.19;101.31;25.19;113.22;34.25;126.99;41.64;143.56;46.35;163.40;47.40;185.33;44.53;206.55;38.42;224.87;30.13;240.01;20.56;252.79;10.33;264.15;-0.12;274.95;--;--;--;--;--;--;--;--;
2016-03-29;--;--;--;--;--;--;--;--;--;--;--;--;--;--;5.11;90.14;15.53;101.09;25.53;113.01;34.62;126.80;42.03;143.44;46.75;163.39;47.79;185.48;44.87;206.82;38.72;225.20;30.39;240.35;20.80;253.12;10.55;264.48;0.11;275.27;--;--;--;--;--;--;--;--;
2016-03-30;--;--;--;--;--;--;--;--;--;--;--;--;--;--;5.44;89.92;15.86;100.87;25.88;112.79;34.98;126.61;42.41;143.31;47.14;163.39;48.17;185.63;45.22;207.10;39.02;225.53;30.66;240.70;21.03;253.46;10.78;264.81;0.34;275.60;--;--;--;--;--;--;--;--;
2016-03-31;--;--;--;--;--;--;--;--;--;--;--;--;--;--;5.77;89.70;16.19;100.65;26.22;112.58;35.34;126.42;42.80;143.18;47.54;163.38;48.55;185.78;45.56;207.38;39.32;225.86;30.92;241.04;21.27;253.80;11.00;265.14;0.56;275.92;--;--;--;--;--;--;--;--;
2016-04-01;--;--;--;--;--;--;--;--;--;--;--;--;--;--;6.10;89.48;16.52;100.43;26.57;112.36;35.71;126.22;43.18;143.05;47.93;163.37;48.93;185.94;45.90;207.66;39.61;226.20;31.18;241.38;21.51;254.14;11.23;265.47;0.79;276.24;--;--;--;--;--;--;--;--;
2016-04-02;--;--;--;--;--;--;--;--;--;--;--;--;--;--;6.42;89.26;16.85;100.21;26.91;112.14;36.06;126.03;43.56;142.92;48.32;163.37;49.31;186.09;46.24;207.94;39.91;226.53;31.43;241.73;21.74;254.47;11.45;265.80;1.01;276.56;--;--;--;--;--;--;--;--;
2016-04-03;--;--;--;--;--;--;--;--;--;--;--;--;--;--;6.75;89.04;17.18;99.99;27.24;111.93;36.42;125.84;43.94;142.79;48.71;163.36;49.68;186.25;46.58;208.22;40.20;226.87;31.69;242.07;21.97;254.81;11.67;266.12;1.24;276.88;--;--;--;--;--;--;--;--;
2016-04-04;--;--;--;--;--;--;--;--;--;--;--;--;--;--;7.07;88.83;17.51;99.76;27.58;111.71;36.77;125.64;44.31;142.65;49.10;163.35;50.06;186.41;46.91;208.50;40.49;227.21;31.94;242.42;22.20;255.15;11.90;266.45;1.46;277.20;--;--;--;--;--;--;--;--;
2016-04-05;--;--;--;--;--;--;--;--;--;--;--;--;--;--;7.39;88.61;17.83;99.54;27.92;111.49;37.13;125.44;44.68;142.52;49.49;163.34;50.43;186.56;47.25;208.79;40.77;227.54;32.19;242.76;22.43;255.48;12.12;266.77;1.68;277.51;--;--;--;--;--;--;--;--;
2016-04-06;--;--;--;--;--;--;--;--;--;--;--;--;--;--;7.71;88.39;18.15;99.32;28.25;111.27;37.48;125.24;45.06;142.38;49.87;163.33;50.80;186.72;47.58;209.08;41.06;227.88;32.45;243.11;22.66;255.81;12.34;267.09;1.90;277.82;--;--;--;--;--;--;--;--;
2016-04-07;--;--;--;--;--;--;--;--;--;--;--;--;--;--;8.03;88.18;18.47;99.10;28.58;111.05;37.82;125.04;45.43;142.24;50.25;163.32;51.17;186.88;47.91;209.37;41.34;228.22;32.69;243.45;22.89;256.15;12.55;267.41;2.12;278.14;--;--;--;--;--;--;--;--;
2016-04-08;--;--;--;--;--;--;--;--;--;--;--;--;--;--;8.34;87.96;18.79;98.88;28.90;110.83;38.17;124.84;45.79;142.10;50.63;163.30;51.54;187.04;48.23;209.65;41.63;228.56;32.94;243.79;23.12;256.48;12.77;267.73;2.35;278.44;--;--;--;--;--;--;--;--;
2016-04-09;--;--;--;--;--;--;--;--;--;--;--;--;--;--;8.65;87.74;19.10;98.65;29.23;110.61;38.51;124.63;46.16;141.95;51.01;163.29;51.90;187.20;48.56;209.95;41.91;228.90;33.19;244.14;23.34;256.81;12.99;268.05;2.56;278.75;--;--;--;--;--;--;--;--;
2016-04-10;--;--;--;--;--;--;--;--;--;--;--;--;--;--;8.96;87.53;19.41;98.43;29.55;110.38;38.85;124.43;46.52;141.81;51.38;163.27;52.26;187.36;48.88;210.24;42.18;229.24;33.43;244.48;23.56;257.14;13.20;268.36;2.78;279.06;--;--;--;--;--;--;--;--;
2016-04-11;--;--;--;--;--;--;--;--;--;--;--;--;--;--;9.27;87.31;19.72;98.21;29.87;110.16;39.19;124.22;46.88;141.66;51.76;163.25;52.62;187.53;49.20;210.53;42.46;229.58;33.67;244.82;23.78;257.46;13.42;268.68;3.00;279.36;--;--;--;--;--;--;--;--;
2016-04-12;--;--;--;--;--;--;--;--;--;--;--;--;-0.78;76.45;9.57;87.10;20.03;97.99;30.18;109.94;39.52;124.01;47.23;141.51;52.13;163.24;52.98;187.69;49.52;210.82;42.73;229.92;33.91;245.16;24.00;257.79;13.63;268.99;3.22;279.66;--;--;--;--;--;--;--;--;
2016-04-13;--;--;--;--;--;--;--;--;--;--;--;--;-0.48;76.24;9.87;86.88;20.33;97.76;30.50;109.71;39.85;123.80;47.58;141.35;52.49;163.21;53.33;187.85;49.83;211.11;43.00;230.26;34.15;245.49;24.22;258.11;13.84;269.29;3.43;279.95;--;--;--;--;--;--;--;--;
2016-04-14;--;--;--;--;--;--;--;--;--;--;--;--;-0.17;76.04;10.17;86.67;20.63;97.54;30.81;109.49;40.18;123.59;47.93;141.20;52.86;163.19;53.68;188.01;50.14;211.41;43.27;230.60;34.38;245.83;24.44;258.43;14.05;269.60;3.65;280.25;--;--;--;--;--;--;--;--;
2016-04-15;--;--;--;--;--;--;--;--;--;--;--;--;0.13;75.84;10.47;86.46;20.93;97.32;31.11;109.26;40.50;123.38;48.28;141.04;53.22;163.17;54.03;188.17;50.45;211.70;43.53;230.94;34.62;246.17;24.66;258.75;14.26;269.90;3.86;280.54;--;--;--;--;--;--;--;--;
2016-04-16;--;--;--;--;--;--;--;--;--;--;--;--;0.43;75.64;10.76;86.24;21.22;97.10;31.41;109.03;40.82;123.16;48.62;140.88;53.58;163.14;54.38;188.33;50.76;211.99;43.80;231.27;34.85;246.50;24.87;259.07;14.47;270.20;4.08;280.83;--;--;--;--;--;--;--;--;
2016-04-17;--;--;--;--;--;--;--;--;--;--;--;--;0.72;75.44;11.05;86.03;21.51;96.87;31.71;108.80;41.14;122.94;48.96;140.72;53.93;163.11;54.72;188.49;51.06;212.29;44.06;231.61;35.08;246.83;25.08;259.38;14.68;270.50;4.29;281.11;--;--;--;--;--;--;--;--;
2016-04-18;--;--;--;--;--;--;--;--;--;--;--;--;1.01;75.24;11.33;85.82;21.79;96.65;32.01;108.58;41.45;122.73;49.30;140.55;54.29;163.08;55.06;188.65;51.36;212.58;44.32;231.94;35.30;247.16;25.29;259.69;14.89;270.80;4.50;281.39;--;--;--;--;--;--;--;--;
2016-04-19;--;--;--;--;--;--;--;--;--;--;--;--;1.30;75.04;11.61;85.60;22.08;96.43;32.30;108.35;41.76;122.51;49.63;140.38;54.64;163.04;55.40;188.80;51.66;212.87;44.57;232.27;35.53;247.48;25.50;260.00;15.09;271.09;4.71;281.67;--;--;--;--;--;--;--;--;
2016-04-20;--;--;--;--;--;--;--;--;--;--;--;--;1.58;74.84;11.89;85.39;22.35;96.20;32.59;108.12;42.06;122.28;49.96;140.21;54.98;163.01;55.74;188.96;51.96;213.16;44.83;232.60;35.75;247.81;25.71;260.31;15.29;271.38;4.92;281.95;--;--;--;--;--;--;--;--;
2016-04-21;--;--;--;--;--;--;--;--;--;--;--;--;1.86;74.64;12.17;85.18;22.63;95.98;32.87;107.89;42.36;122.06;50.28;140.04;55.32;162.97;56.07;189.12;52.25;213.45;45.08;232.93;35.97;248.13;25.92;260.61;15.50;271.66;5.13;282.22;--;--;--;--;--;--;--;--;
2016-04-22;--;--;--;--;--;--;--;--;--;--;--;--;2.14;74.45;12.44;84.97;22.90;95.76;33.15;107.66;42.66;121.84;50.60;139.86;55.66;162.93;56.39;189.27;52.54;213.74;45.33;233.26;36.19;248.45;26.12;260.91;15.70;271.95;5.34;282.49;--;--;--;--;--;--;--;--;
2016-04-23;--;--;--;--;--;--;--;--;--;--;--;--;2.42;74.25;12.70;84.76;23.17;95.54;33.42;107.42;42.95;121.61;50.92;139.69;56.00;162.88;56.72;189.42;52.83;214.03;45.57;233.58;36.41;248.76;26.32;261.21;15.90;272.23;5.54;282.75;--;--;--;--;--;--;--;--;
2016-04-24;--;--;--;--;--;--;--;--;--;--;--;--;2.68;74.05;12.97;84.55;23.43;95.31;33.69;107.19;43.24;121.38;51.23;139.50;56.33;162.83;57.04;189.57;53.11;214.31;45.81;233.91;36.63;249.08;26.52;261.50;16.09;272.50;5.75;283.01;--;--;--;--;--;--;--;--;
2016-04-25;--;--;--;--;--;--;--;--;--;--;--;--;2.95;73.86;13.22;84.34;23.69;95.09;33.96;106.96;43.52;121.15;51.54;139.32;56.65;162.78;57.36;189.72;53.39;214.60;46.05;234.23;36.84;249.39;26.72;261.79;16.29;272.77;5.95;283.27;--;--;--;--;--;--;--;--;
2016-04-26;--;--;--;--;--;--;--;--;--;--;--;--;3.21;73.67;13.48;84.14;23.94;94.87;34.22;106.73;43.80;120.92;51.84;139.13;56.97;162.73;57.67;189.87;53.67;214.88;46.29;234.54;37.05;249.69;26.92;262.08;16.49;273.04;6.15;283.52;--;--;--;--;--;--;--;--;
2016-04-27;--;--;--;--;--;--;--;--;--;--;--;--;3.47;73.47;13.73;83.93;24.19;94.65;34.48;106.50;44.07;120.69;52.14;138.94;57.29;162.67;57.98;190.01;53.94;215.16;46.53;234.86;37.26;250.00;27.12;262.36;16.68;273.30;6.35;283.77;--;--;--;--;--;--;--;--;
2016-04-28;--;--;--;--;--;--;--;--;--;--;--;--;3.72;73.28;13.97;83.72;24.43;94.43;34.73;106.26;44.34;120.46;52.43;138.75;57.61;162.61;58.29;190.15;54.21;215.43;46.76;235.17;37.47;250.30;27.31;262.64;16.87;273.56;6.55;284.02;--;--;--;--;--;--;--;--;
2016-04-29;--;--;--;--;--;--;--;--;--;--;--;--;3.97;73.09;14.22;83.52;24.67;94.21;34.98;106.03;44.61;120.22;52.72;138.56;57.92;162.54;58.59;190.29;54.48;215.71;46.99;235.47;37.67;250.59;27.50;262.91;17.06;273.82;6.75;284.26;--;--;--;--;--;--;--;--;
2016-04-30;--;--;--;--;--;--;--;--;--;--;--;--;4.21;72.90;14.45;83.31;24.91;93.99;35.22;105.80;44.86;119.99;53.00;138.36;58.22;162.48;58.89;190.42;54.74;215.98;47.22;235.78;37.87;250.88;27.69;263.18;17.25;274.07;6.95;284.49;--;--;--;--;--;--;--;--;
2016-05-01;--;--;--;--;--;--;--;--;--;--;--;--;4.45;72.71;14.68;83.11;25.14;93.77;35.45;105.57;45.12;119.75;53.28;138.16;58.52;162.40;59.19;190.56;55.00;216.25;47.44;236.08;38.07;251.17;27.88;263.45;17.44;274.32;7.14;284.73;--;--;--;--;--;--;--;--;
2016-05-02;--;--;--;--;--;--;--;--;--;--;--;--;4.69;72.53;14.91;82.91;25.37;93.55;35.69;105.33;45.37;119.52;53.56;137.96;58.82;162.33;59.48;190.69;55.26;216.51;47.66;236.37;38.27;251.45;28.07;263.71;17.63;274.56;7.34;284.95;--;--;--;--;--;--;--;--;
2016-05-03;--;--;--;--;--;--;--;--;--;--;--;--;4.92;72.34;15.13;82.71;25.59;93.34;35.91;105.10;45.61;119.28;53.82;137.75;59.11;162.25;59.77;190.81;55.51;216.77;47.88;236.67;38.47;251.73;28.26;263.97;17.81;274.80;7.53;285.18;--;--;--;--;--;--;--;--;
2016-05-04;--;--;--;--;--;--;--;--;--;--;--;--;5.14;72.16;15.35;82.51;25.80;93.12;36.14;104.87;45.85;119.04;54.09;137.54;59.40;162.17;60.05;190.93;55.76;217.03;48.10;236.95;38.66;252.01;28.44;264.22;18.00;275.04;7.72;285.40;--;--;--;--;--;--;--;--;
2016-05-05;--;--;--;--;--;--;--;--;--;--;--;--;5.36;71.97;15.56;82.31;26.01;92.91;36.35;104.64;46.08;118.80;54.35;137.33;59.68;162.08;60.33;191.05;56.01;217.28;48.31;237.24;38.85;252.28;28.62;264.47;18.18;275.27;7.91;285.61;--;--;--;--;--;--;--;--;
2016-05-06;--;--;--;--;--;--;--;--;--;--;--;--;5.58;71.79;15.77;82.11;26.22;92.69;36.56;104.41;46.31;118.56;54.60;137.12;59.96;161.99;60.60;191.17;56.25;217.53;48.52;237.51;39.04;252.54;28.80;264.72;18.36;275.49;8.09;285.82;--;--;--;--;--;--;--;--;
2016-05-07;--;--;--;--;--;--;--;--;--;--;--;--;5.79;71.61;15.97;81.91;26.42;92.48;36.77;104.18;46.53;118.33;54.84;136.91;60.23;161.89;60.87;191.28;56.49;217.78;48.73;237.79;39.23;252.80;28.98;264.96;18.53;275.71;8.28;286.02;--;--;--;--;--;--;--;--;
2016-05-08;--;--;--;--;--;--;--;--;--;--;--;--;5.99;71.43;16.17;81.72;26.62;92.27;36.97;103.95;46.74;118.09;55.09;136.69;60.49;161.79;61.14;191.38;56.73;218.02;48.93;238.06;39.41;253.06;29.15;265.19;18.71;275.93;8.46;286.22;--;--;--;--;--;--;--;--;
2016-05-09;--;--;--;--;--;--;--;--;--;--;--;--;6.19;71.25;16.36;81.53;26.81;92.06;37.17;103.73;46.95;117.85;55.32;136.47;60.75;161.69;61.40;191.49;56.96;218.26;49.13;238.32;39.59;253.31;29.33;265.42;18.88;276.14;8.64;286.42;--;--;--;--;--;--;--;--;
2016-05-10;--;--;--;--;--;--;--;--;--;--;--;--;6.39;71.08;16.55;81.34;26.99;91.85;37.36;103.50;47.16;117.61;55.55;136.26;61.01;161.58;61.65;191.58;57.19;218.49;49.33;238.58;39.77;253.55;29.50;265.64;19.06;276.34;8.82;286.61;--;--;--;--;--;--;--;--;
2016-05-11;--;--;--;--;--;--;--;--;--;--;--;--;6.58;70.90;16.73;81.15;27.17;91.65;37.54;103.28;47.36;117.37;55.77;136.03;61.26;161.47;61.91;191.68;57.41;218.71;49.52;238.83;39.95;253.79;29.67;265.86;19.23;276.54;9.00;286.79;-0.69;297.29;--;--;--;--;--;--;
2016-05-12;--;--;--;--;--;--;--;--;--;--;--;--;6.76;70.73;16.91;80.96;27.34;91.44;37.72;103.05;47.55;117.13;55.99;135.81;61.51;161.36;62.15;191.76;57.63;218.93;49.72;239.08;40.13;254.02;29.84;266.07;19.40;276.74;9.17;286.97;-0.50;297.45;--;--;--;--;--;--;
2016-05-13;--;--;--;--;--;--;--;--;--;--;--;--;6.94;70.56;17.08;80.77;27.51;91.24;37.89;102.83;47.74;116.90;56.20;135.59;61.74;161.24;62.40;191.85;57.85;219.15;49.91;239.32;40.30;254.25;30.00;266.28;19.56;276.93;9.35;287.15;-0.32;297.61;--;--;--;--;--;--;
2016-05-14;--;--;--;--;--;--;--;--;--;--;--;--;7.12;70.39;17.24;80.59;27.68;91.04;38.06;102.61;47.92;116.66;56.41;135.36;61.98;161.12;62.63;191.92;58.06;219.36;50.09;239.56;40.47;254.47;30.16;266.49;19.73;277.11;9.52;287.32;-0.13;297.77;--;--;--;--;--;--;
2016-05-15;--;--;--;--;--;--;--;--;--;--;--;--;7.29;70.22;17.41;80.41;27.83;90.84;38.22;102.39;48.09;116.42;56.61;135.14;62.21;160.99;62.87;192.00;58.27;219.56;50.27;239.79;40.63;254.69;30.33;266.68;19.89;277.29;9.68;287.48;0.05;297.92;--;--;--;--;--;--;
2016-05-16;--;--;--;--;--;--;--;--;--;--;--;--;7.45;70.06;17.56;80.23;27.98;90.65;38.38;102.18;48.26;116.19;56.80;134.91;62.43;160.86;63.09;192.06;58.48;219.76;50.45;240.01;40.80;254.90;30.48;266.87;20.05;277.47;9.85;287.64;0.22;298.06;--;--;--;--;--;--;
2016-05-17;--;--;--;--;--;--;--;--;--;--;--;--;7.61;69.89;17.71;80.05;28.13;90.45;38.53;101.96;48.43;115.96;56.99;134.68;62.64;160.73;63.32;192.12;58.68;219.95;50.63;240.23;40.96;255.10;30.64;267.06;20.20;277.64;10.01;287.79;0.40;298.20;--;--;--;--;--;--;
2016-05-18;--;--;--;--;--;--;--;--;--;--;--;--;7.76;69.73;17.85;79.88;28.27;90.26;38.67;101.75;48.58;115.73;57.17;134.46;62.85;160.59;63.53;192.18;58.87;220.14;50.80;240.44;41.12;255.30;30.79;267.24;20.36;277.80;10.17;287.94;0.57;298.34;--;--;--;--;--;--;
2016-05-19;--;--;--;--;--;--;--;--;--;--;--;--;7.91;69.57;17.99;79.70;28.41;90.07;38.81;101.54;48.73;115.50;57.35;134.23;63.06;160.45;63.75;192.23;59.06;220.31;50.97;240.64;41.28;255.49;30.95;267.41;20.51;277.96;10.33;288.09;0.74;298.46;--;--;--;--;--;--;
2016-05-20;--;--;--;--;--;--;--;--;--;--;--;--;8.05;69.42;18.12;79.53;28.54;89.88;38.94;101.34;48.88;115.27;57.51;134.00;63.25;160.31;63.95;192.27;59.25;220.48;51.14;240.83;41.43;255.68;31.09;267.58;20.66;278.11;10.49;288.22;0.90;298.59;--;--;--;--;--;--;
2016-05-21;--;--;--;--;--;--;--;--;--;--;--;--;8.18;69.26;18.25;79.37;28.66;89.70;39.07;101.13;49.02;115.04;57.68;133.78;63.44;160.16;64.15;192.31;59.44;220.65;51.30;241.02;41.58;255.86;31.24;267.74;20.81;278.25;10.64;288.36;1.06;298.71;--;--;--;--;--;--;
2016-05-22;--;--;--;--;--;--;--;--;--;--;--;--;8.31;69.11;18.37;79.20;28.78;89.52;39.19;100.93;49.15;114.82;57.83;133.55;63.63;160.01;64.35;192.34;59.62;220.80;51.46;241.21;41.73;256.03;31.38;267.90;20.95;278.39;10.79;288.48;1.22;298.82;--;--;--;--;--;--;
2016-05-23;--;--;--;--;--;--;--;--;--;--;--;--;8.44;68.96;18.49;79.04;28.89;89.34;39.31;100.73;49.28;114.60;57.98;133.32;63.81;159.86;64.54;192.36;59.79;220.95;51.62;241.38;41.87;256.19;31.52;268.05;21.10;278.53;10.94;288.60;1.38;298.93;--;--;--;--;--;--;
2016-05-24;--;--;--;--;--;--;--;--;--;--;-0.82;58.36;8.55;68.82;18.60;78.88;29.00;89.17;39.42;100.54;49.40;114.39;58.12;133.10;63.98;159.70;64.73;192.38;59.96;221.09;51.77;241.55;42.01;256.35;31.66;268.19;21.24;278.66;11.09;288.72;1.53;299.03;--;--;--;--;--;--;
2016-05-25;--;--;--;--;--;--;--;--;--;--;-0.69;58.23;8.67;68.67;18.71;78.73;29.10;89.00;39.52;100.35;49.51;114.17;58.26;132.88;64.15;159.54;64.91;192.39;60.13;221.23;51.92;241.71;42.15;256.50;31.80;268.33;21.37;278.78;11.23;288.83;1.68;299.12;--;--;--;--;--;--;
2016-05-26;--;--;--;--;--;--;--;--;--;--;-0.57;58.10;8.77;68.53;18.80;78.57;29.20;88.83;39.62;100.16;49.62;113.96;58.39;132.66;64.31;159.38;65.08;192.40;60.29;221.35;52.07;241.86;42.29;256.65;31.93;268.46;21.51;278.90;11.37;288.93;1.82;299.22;--;--;--;--;--;--;
2016-05-27;--;--;--;--;--;--;--;--;--;--;-0.46;57.98;8.88;68.40;18.90;78.43;29.29;88.67;39.71;99.98;49.73;113.75;58.51;132.44;64.46;159.22;65.25;192.40;60.45;221.47;52.21;242.00;42.42;256.78;32.06;268.58;21.64;279.01;11.50;289.03;1.97;299.30;--;--;--;--;--;--;
2016-05-28;--;--;--;--;--;--;--;--;--;--;-0.35;57.85;8.97;68.26;18.99;78.28;29.37;88.51;39.80;99.80;49.82;113.55;58.63;132.22;64.61;159.05;65.41;192.39;60.60;221.58;52.35;242.14;42.55;256.91;32.19;268.70;21.77;279.11;11.63;289.12;2.11;299.38;--;--;--;--;--;--;
2016-05-29;--;--;--;--;--;--;--;--;--;--;-0.25;57.73;9.06;68.13;19.07;78.14;29.45;88.35;39.88;99.62;49.91;113.35;58.74;132.01;64.74;158.89;65.57;192.38;60.75;221.68;52.48;242.27;42.68;257.04;32.31;268.81;21.89;279.21;11.76;289.21;2.24;299.46;--;--;--;--;--;--;
2016-05-30;--;--;--;--;--;--;--;--;--;--;-0.16;57.61;9.15;68.00;19.15;78.00;29.53;88.20;39.96;99.45;50.00;113.16;58.85;131.80;64.88;158.72;65.72;192.36;60.89;221.77;52.61;242.39;42.80;257.15;32.43;268.91;22.01;279.30;11.89;289.29;2.37;299.53;--;--;--;--;--;--;
2016-05-31;--;--;--;--;--;--;--;--;--;--;-0.07;57.49;9.22;67.88;19.22;77.86;29.59;88.05;40.03;99.28;50.08;112.97;58.94;131.59;65.00;158.55;65.86;192.33;61.03;221.86;52.74;242.50;42.92;257.26;32.55;269.01;22.13;279.39;12.01;289.37;2.50;299.59;--;--;--;--;--;--;
2016-06-01;--;--;--;--;--;--;--;--;--;--;0.01;57.38;9.30;67.76;19.28;77.73;29.66;87.91;40.09;99.12;50.15;112.78;59.03;131.38;65.12;158.38;66.00;192.30;61.16;221.93;52.86;242.61;43.04;257.36;32.67;269.10;22.25;279.47;12.13;289.44;2.62;299.65;--;--;--;--;--;--;
2016-06-02;--;--;--;--;--;--;--;--;--;--;0.09;57.27;9.37;67.64;19.35;77.61;29.71;87.77;40.15;98.96;50.22;112.60;59.12;131.18;65.24;158.21;66.13;192.26;61.29;222.00;52.98;242.70;43.15;257.46;32.78;269.18;22.36;279.55;12.25;289.50;2.74;299.71;--;--;--;--;--;--;
2016-06-03;--;--;--;--;--;--;--;--;--;--;0.16;57.16;9.43;67.52;19.40;77.48;29.77;87.63;40.20;98.81;50.28;112.42;59.20;130.99;65.34;158.04;66.26;192.21;61.42;222.06;53.10;242.79;43.26;257.54;32.89;269.26;22.47;279.61;12.36;289.56;2.86;299.76;--;--;--;--;--;--;
2016-06-04;--;--;--;--;--;--;--;--;--;--;0.23;57.06;9.48;67.41;19.45;77.36;29.81;87.50;40.25;98.66;50.33;112.25;59.27;130.79;65.44;157.87;66.38;192.16;61.54;222.11;53.21;242.87;43.37;257.62;32.99;269.33;22.57;279.68;12.47;289.62;2.97;299.80;--;--;--;--;--;--;
2016-06-05;--;--;--;--;--;--;--;--;--;--;0.29;56.95;9.53;67.30;19.49;77.25;29.85;87.37;40.29;98.52;50.38;112.09;59.34;130.61;65.53;157.70;66.49;192.10;61.65;222.15;53.32;242.94;43.47;257.69;33.09;269.40;22.68;279.73;12.57;289.67;3.08;299.84;--;--;--;--;--;--;
2016-06-06;--;--;--;--;--;--;--;--;--;--;0.34;56.86;9.58;67.20;19.53;77.14;29.89;87.25;40.33;98.38;50.42;111.93;59.40;130.42;65.62;157.53;66.60;192.03;61.76;222.18;53.42;243.00;43.57;257.75;33.19;269.46;22.78;279.78;12.67;289.71;3.18;299.87;--;--;--;--;--;--;
2016-06-07;--;--;--;--;--;--;--;--;--;--;0.39;56.76;9.62;67.10;19.57;77.03;29.92;87.14;40.36;98.25;50.46;111.77;59.45;130.25;65.70;157.37;66.70;191.96;61.86;222.20;53.52;243.05;43.67;257.81;33.28;269.51;22.87;279.83;12.77;289.74;3.28;299.90;--;--;--;--;--;--;
2016-06-08;--;--;--;--;--;--;--;--;--;--;0.43;56.67;9.65;67.00;19.59;76.93;29.95;87.02;40.39;98.12;50.49;111.63;59.50;130.07;65.77;157.20;66.79;191.89;61.96;222.22;53.62;243.10;43.76;257.86;33.37;269.55;22.96;279.87;12.86;289.78;3.37;299.92;--;--;--;--;--;--;
2016-06-09;--;--;--;--;--;--;--;--;--;--;0.47;56.58;9.68;66.91;19.62;76.83;29.97;86.92;40.41;98.00;50.52;111.48;59.54;129.91;65.83;157.04;66.88;191.81;62.05;222.22;53.71;243.13;43.85;257.90;33.46;269.59;23.05;279.90;12.95;289.80;3.46;299.94;--;--;--;--;--;--;
2016-06-10;--;--;--;--;--;--;--;--;--;--;0.50;56.50;9.70;66.83;19.64;76.74;29.98;86.82;40.42;97.89;50.54;111.35;59.57;129.75;65.89;156.88;66.96;191.72;62.14;222.22;53.79;243.16;43.93;257.93;33.54;269.62;23.13;279.92;13.03;289.82;3.55;299.95;--;--;--;--;--;--;
2016-06-11;--;--;--;--;--;--;--;--;--;--;0.52;56.42;9.72;66.74;19.65;76.65;29.99;86.72;40.43;97.78;50.56;111.22;59.60;129.59;65.94;156.72;67.03;191.63;62.22;222.21;53.87;243.18;44.01;257.96;33.62;269.64;23.21;279.95;13.11;289.84;3.63;299.96;--;--;--;--;--;--;
2016-06-12;--;--;--;--;--;--;--;--;--;--;0.54;56.34;9.73;66.66;19.66;76.57;30.00;86.63;40.44;97.68;50.57;111.10;59.62;129.45;65.99;156.56;67.10;191.53;62.30;222.19;53.95;243.19;44.09;257.98;33.70;269.66;23.29;279.96;13.19;289.85;3.71;299.97;--;--;--;--;--;--;
2016-06-13;--;--;--;--;--;--;--;--;--;--;0.56;56.27;9.74;66.59;19.66;76.49;30.00;86.54;40.44;97.58;50.57;110.98;59.64;129.30;66.03;156.41;67.16;191.43;62.37;222.16;54.02;243.19;44.16;257.99;33.77;269.67;23.36;279.97;13.26;289.85;3.78;299.96;--;--;--;--;--;--;
2016-06-14;--;--;--;--;--;--;--;--;--;--;0.56;56.20;9.74;66.52;19.66;76.41;29.99;86.46;40.44;97.49;50.57;110.88;59.65;129.17;66.06;156.26;67.22;191.33;62.44;222.12;54.09;243.18;44.23;257.99;33.84;269.68;23.43;279.97;13.33;289.85;3.84;299.96;--;--;--;--;--;--;
2016-06-15;--;--;--;--;--;--;--;--;--;--;0.57;56.13;9.74;66.45;19.65;76.35;29.98;86.39;40.43;97.41;50.57;110.77;59.65;129.04;66.08;156.11;67.27;191.22;62.50;222.07;54.15;243.17;44.29;257.99;33.90;269.67;23.49;279.97;13.39;289.84;3.91;299.95;--;--;--;--;--;--;
2016-06-16;--;--;--;--;--;--;--;--;--;--;0.56;56.07;9.73;66.39;19.64;76.28;29.97;86.32;40.41;97.33;50.56;110.68;59.65;128.92;66.10;155.97;67.31;191.10;62.55;222.02;54.21;243.15;44.35;257.97;33.96;269.67;23.55;279.96;13.45;289.83;3.96;299.93;--;--;--;--;--;--;
2016-06-17;--;--;--;--;--;--;--;--;--;--;0.56;56.02;9.72;66.33;19.62;76.22;29.95;86.26;40.39;97.26;50.54;110.59;59.64;128.81;66.11;155.83;67.34;190.98;62.60;221.95;54.26;243.11;44.40;257.95;34.01;269.65;23.60;279.94;13.50;289.81;4.01;299.91;--;--;--;--;--;--;
2016-06-18;--;--;--;--;--;--;--;--;--;--;0.54;55.96;9.70;66.28;19.60;76.17;29.92;86.20;40.37;97.19;50.52;110.52;59.63;128.71;66.11;155.70;67.37;190.86;62.64;221.88;54.31;243.07;44.45;257.93;34.06;269.63;23.65;279.92;13.55;289.79;4.06;299.88;--;--;--;--;--;--;
2016-06-19;--;--;--;--;--;--;--;--;--;--;0.52;55.91;9.67;66.23;19.57;76.12;29.90;86.15;40.34;97.14;50.49;110.44;59.61;128.61;66.11;155.57;67.39;190.74;62.68;221.80;54.36;243.03;44.50;257.89;34.11;269.60;23.70;279.90;13.59;289.76;4.10;299.85;--;--;--;--;--;--;
2016-06-20;--;--;--;--;--;--;--;--;--;--;0.50;55.87;9.65;66.19;19.54;76.08;29.86;86.11;40.31;97.09;50.46;110.38;59.59;128.53;66.10;155.45;67.40;190.61;62.71;221.71;54.39;242.97;44.54;257.85;34.15;269.57;23.74;279.86;13.63;289.73;4.14;299.82;--;--;--;--;--;--;
2016-06-21;--;--;--;--;--;--;--;--;--;--;0.47;55.83;9.61;66.15;19.50;76.05;29.83;86.07;40.27;97.04;50.43;110.33;59.56;128.45;66.08;155.33;67.41;190.48;62.73;221.62;54.43;242.91;44.58;257.80;34.19;269.53;23.77;279.83;13.67;289.69;4.17;299.78;--;--;--;--;--;--;
2016-06-22;--;--;--;--;--;--;--;--;--;--;0.43;55.79;9.57;66.12;19.46;76.01;29.78;86.04;40.23;97.01;50.39;110.28;59.52;128.38;66.06;155.22;67.41;190.35;62.75;221.52;54.45;242.83;44.61;257.75;34.22;269.48;23.80;279.78;13.69;289.65;4.20;299.73;--;--;--;--;--;--;
2016-06-23;--;--;--;--;--;--;--;--;--;--;0.39;55.76;9.53;66.09;19.42;75.99;29.74;86.01;40.18;96.98;50.34;110.24;59.48;128.31;66.03;155.11;67.40;190.22;62.76;221.41;54.48;242.75;44.63;257.69;34.25;269.43;23.83;279.73;13.72;289.60;4.22;299.69;--;--;--;--;--;--;
2016-06-24;--;--;--;--;--;--;--;--;--;--;0.35;55.74;9.48;66.07;19.37;75.97;29.69;85.99;40.13;96.95;50.29;110.21;59.44;128.26;66.00;155.02;67.39;190.09;62.77;221.29;54.49;242.67;44.66;257.62;34.27;269.37;23.85;279.68;13.74;289.55;4.23;299.63;--;--;--;--;--;--;
2016-06-25;--;--;--;--;--;--;--;--;--;--;0.30;55.71;9.43;66.05;19.31;75.95;29.63;85.98;40.08;96.94;50.24;110.18;59.39;128.21;65.95;154.92;67.36;189.95;62.77;221.17;54.51;242.57;44.67;257.54;34.29;269.30;23.87;279.62;13.75;289.49;4.24;299.58;--;--;--;--;--;--;
2016-06-26;--;--;--;--;--;--;--;--;--;--;0.24;55.70;9.37;66.04;19.26;75.95;29.58;85.97;40.02;96.93;50.18;110.17;59.33;128.18;65.91;154.84;67.34;189.82;62.76;221.04;54.51;242.47;44.68;257.46;34.30;269.23;23.88;279.56;13.76;289.43;4.24;299.52;--;--;--;--;--;--;
2016-06-27;--;--;--;--;--;--;--;--;--;--;0.18;55.69;9.31;66.04;19.19;75.94;29.51;85.97;39.96;96.93;50.12;110.16;59.27;128.15;65.85;154.76;67.30;189.68;62.75;220.90;54.51;242.36;44.69;257.37;34.31;269.15;23.89;279.49;13.76;289.37;4.24;299.45;--;--;--;--;--;--;
2016-06-28;--;--;--;--;--;--;--;--;--;--;0.11;55.68;9.25;66.03;19.13;75.95;29.45;85.98;39.89;96.94;50.05;110.16;59.20;128.13;65.79;154.69;67.26;189.54;62.73;220.76;54.51;242.24;44.69;257.27;34.31;269.07;23.89;279.41;13.76;289.30;4.24;299.38;--;--;--;--;--;--;
2016-06-29;--;--;--;--;--;--;--;--;--;--;0.04;55.67;9.17;66.04;19.06;75.95;29.38;85.99;39.82;96.95;49.98;110.17;59.13;128.13;65.72;154.63;67.21;189.41;62.71;220.61;54.50;242.12;44.69;257.17;34.31;268.98;23.89;279.33;13.76;289.22;4.22;299.31;--;--;--;--;--;--;
2016-06-30;--;--;--;--;--;--;--;--;--;--;-0.03;55.68;9.10;66.05;18.98;75.97;29.30;86.01;39.75;96.97;49.91;110.19;59.05;128.13;65.65;154.57;67.15;189.27;62.68;220.46;54.48;241.99;44.68;257.06;34.30;268.89;23.88;279.25;13.74;289.14;4.21;299.24;--;--;--;--;--;--;
2016-07-01;--;--;--;--;--;--;--;--;--;--;-0.11;55.68;9.02;66.06;18.90;75.99;29.22;86.03;39.67;97.00;49.83;110.22;58.97;128.14;65.57;154.53;67.09;189.14;62.64;220.30;54.46;241.85;44.66;256.95;34.29;268.79;23.87;279.16;13.73;289.06;4.18;299.16;--;--;--;--;--;--;
2016-07-02;--;--;--;--;--;--;--;--;--;--;-0.20;55.70;8.94;66.08;18.82;76.02;29.14;86.07;39.59;97.03;49.74;110.25;58.89;128.16;65.49;154.49;67.02;189.00;62.59;220.14;54.43;241.71;44.65;256.83;34.28;268.69;23.85;279.06;13.70;288.97;4.15;299.07;--;--;--;--;--;--;
2016-07-03;--;--;--;--;--;--;--;--;--;--;-0.29;55.71;8.85;66.11;18.74;76.05;29.06;86.10;39.50;97.08;49.66;110.30;58.80;128.18;65.40;154.46;66.94;188.87;62.54;219.97;54.40;241.56;44.62;256.70;34.25;268.58;23.82;278.96;13.68;288.88;4.12;298.98;--;--;--;--;--;--;
2016-07-04;--;--;--;--;--;--;--;--;--;--;-0.38;55.73;8.76;66.14;18.65;76.09;28.97;86.15;39.41;97.13;49.57;110.35;58.70;128.22;65.30;154.43;66.86;188.74;62.48;219.80;54.36;241.41;44.59;256.57;34.22;268.46;23.79;278.86;13.64;288.78;4.08;298.89;--;--;--;--;--;--;
2016-07-05;--;--;--;--;--;--;--;--;--;--;-0.48;55.76;8.66;66.17;18.55;76.13;28.88;86.20;39.32;97.19;49.47;110.41;58.60;128.27;65.20;154.42;66.77;188.61;62.42;219.63;54.31;241.25;44.55;256.43;34.19;268.34;23.76;278.75;13.60;288.68;4.03;298.80;--;--;--;--;--;--;
2016-07-06;--;--;--;--;--;--;--;--;--;--;-0.58;55.79;8.56;66.21;18.46;76.18;28.78;86.26;39.23;97.25;49.37;110.48;58.50;128.33;65.09;154.41;66.67;188.49;62.35;219.45;54.26;241.08;44.51;256.29;34.15;268.22;23.72;278.64;13.56;288.58;3.98;298.70;--;--;--;--;--;--;
2016-07-07;--;--;--;--;--;--;--;--;--;--;-0.69;55.83;8.46;66.26;18.36;76.24;28.68;86.32;39.13;97.32;49.27;110.56;58.39;128.39;64.97;154.41;66.57;188.37;62.27;219.27;54.20;240.91;44.46;256.14;34.11;268.09;23.67;278.53;13.51;288.47;3.92;298.60;--;--;--;--;--;--;
2016-07-08;--;--;--;--;--;--;--;--;--;--;-0.80;55.87;8.35;66.32;18.25;76.30;28.58;86.39;39.02;97.40;49.16;110.64;58.27;128.46;64.85;154.42;66.46;188.25;62.18;219.08;54.14;240.73;44.41;255.99;34.06;267.96;23.62;278.40;13.45;288.36;3.85;298.50;--;--;--;--;--;--;
2016-07-09;--;--;--;--;--;--;--;--;--;--;--;--;8.24;66.37;18.15;76.37;28.48;86.47;38.92;97.49;49.05;110.73;58.16;128.55;64.73;154.44;66.34;188.13;62.09;218.89;54.07;240.55;44.35;255.84;34.00;267.82;23.56;278.28;13.39;288.25;3.78;298.39;--;--;--;--;--;--;
2016-07-10;--;--;--;--;--;--;--;--;--;--;--;--;8.13;66.44;18.04;76.44;28.37;86.55;38.81;97.58;48.94;110.83;58.03;128.64;64.60;154.46;66.22;188.02;62.00;218.70;53.99;240.37;44.29;255.67;33.94;267.68;23.50;278.15;13.32;288.13;3.71;298.28;--;--;--;--;--;--;
2016-07-11;--;--;--;--;--;--;--;--;--;--;--;--;8.01;66.51;17.92;76.52;28.26;86.64;38.70;97.68;48.82;110.94;57.91;128.74;64.46;154.50;66.09;187.91;61.89;218.51;53.91;240.18;44.22;255.51;33.88;267.53;23.43;278.02;13.25;288.01;3.63;298.17;--;--;--;--;--;--;
2016-07-12;--;--;--;--;--;--;--;--;--;--;--;--;7.89;66.58;17.81;76.61;28.14;86.74;38.58;97.79;48.70;111.06;57.78;128.85;64.32;154.54;65.95;187.80;61.78;218.32;53.82;239.99;44.14;255.34;33.81;267.38;23.36;277.88;13.17;287.88;3.54;298.05;--;--;--;--;--;--;
2016-07-13;--;--;--;--;--;--;--;--;--;--;--;--;7.77;66.66;17.69;76.70;28.03;86.84;38.47;97.91;48.58;111.19;57.64;128.97;64.17;154.59;65.81;187.70;61.66;218.12;53.73;239.79;44.06;255.16;33.73;267.22;23.28;277.74;13.08;287.75;3.44;297.93;--;--;--;--;--;--;
2016-07-14;--;--;--;--;--;--;--;--;--;--;--;--;7.64;66.75;17.57;76.79;27.91;86.95;38.35;98.03;48.45;111.32;57.50;129.10;64.02;154.64;65.66;187.60;61.54;217.93;53.63;239.59;43.97;254.98;33.64;267.06;23.20;277.60;12.99;287.62;3.34;297.81;--;--;--;--;--;--;
2016-07-15;--;--;--;--;--;--;--;--;--;--;--;--;7.51;66.84;17.44;76.90;27.79;87.07;38.22;98.16;48.33;111.46;57.36;129.23;63.86;154.71;65.50;187.50;61.41;217.73;53.52;239.39;43.88;254.80;33.56;266.90;23.11;277.46;12.90;287.49;3.24;297.69;--;--;--;--;--;--;
2016-07-16;--;--;--;--;--;--;--;--;--;--;--;--;7.38;66.94;17.31;77.01;27.66;87.19;38.10;98.29;48.19;111.61;57.22;129.38;63.70;154.78;65.34;187.41;61.27;217.53;53.41;239.18;43.78;254.61;33.46;266.74;23.01;277.31;12.80;287.35;3.13;297.56;--;--;--;--;--;--;
2016-07-17;--;--;--;--;--;--;--;--;--;--;--;--;7.24;67.04;17.18;77.12;27.53;87.32;37.97;98.44;48.06;111.77;57.06;129.53;63.53;154.86;65.17;187.33;61.13;217.34;53.29;238.97;43.67;254.42;33.36;266.57;22.91;277.15;12.69;287.21;3.01;297.43;--;--;--;--;--;--;
2016-07-18;--;--;--;--;--;--;--;--;--;--;--;--;7.10;67.15;17.05;77.24;27.40;87.45;37.84;98.59;47.92;111.93;56.91;129.69;63.35;154.95;65.00;187.25;60.98;217.14;53.17;238.76;43.56;254.23;33.25;266.40;22.80;277.00;12.58;287.07;2.89;297.30;--;--;--;--;--;--;
2016-07-19;--;--;--;--;--;--;--;--;--;--;--;--;6.96;67.26;16.91;77.37;27.27;87.59;37.70;98.74;47.77;112.10;56.75;129.86;63.18;155.05;64.82;187.17;60.82;216.94;53.03;238.55;43.45;254.03;33.14;266.22;22.69;276.84;12.46;286.92;2.76;297.17;--;--;--;--;--;--;
2016-07-20;--;--;--;--;--;--;--;--;--;--;--;--;6.81;67.38;16.78;77.50;27.14;87.74;37.56;98.91;47.63;112.28;56.59;130.03;62.99;155.15;64.63;187.10;60.66;216.75;52.90;238.33;43.32;253.83;33.03;266.04;22.57;276.68;12.33;286.78;2.63;297.03;--;--;--;--;--;--;
2016-07-21;--;--;--;--;--;--;--;--;--;--;--;--;6.67;67.51;16.64;77.64;27.00;87.89;37.42;99.08;47.48;112.47;56.42;130.22;62.81;155.26;64.44;187.03;60.49;216.55;52.75;238.11;43.19;253.63;32.90;265.86;22.45;276.51;12.20;286.63;2.49;296.89;--;--;--;--;--;--;
2016-07-22;--;--;--;--;--;--;--;--;--;--;--;--;6.52;67.64;16.49;77.79;26.86;88.05;37.28;99.25;47.33;112.66;56.25;130.41;62.61;155.38;64.24;186.97;60.31;216.36;52.60;237.89;43.06;253.43;32.77;265.68;22.32;276.35;12.07;286.47;2.34;296.75;--;--;--;--;--;--;
2016-07-23;--;--;--;--;--;--;--;--;--;--;--;--;6.36;67.78;16.35;77.94;26.72;88.22;37.14;99.44;47.18;112.86;56.08;130.61;62.41;155.50;64.03;186.92;60.13;216.16;52.44;237.67;42.92;253.22;32.64;265.49;22.18;276.18;11.93;286.32;2.19;296.61;--;--;--;--;--;--;
2016-07-24;--;--;--;--;--;--;--;--;--;--;--;--;6.21;67.92;16.20;78.09;26.57;88.39;36.99;99.63;47.02;113.06;55.91;130.81;62.21;155.63;63.82;186.86;59.94;215.97;52.28;237.45;42.77;253.01;32.50;265.30;22.04;276.01;11.78;286.16;2.03;296.47;--;--;--;--;--;--;
2016-07-25;--;--;--;--;--;--;--;--;--;--;--;--;6.05;68.06;16.05;78.25;26.43;88.57;36.84;99.82;46.86;113.28;55.72;131.03;62.01;155.77;63.61;186.82;59.75;215.78;52.11;237.23;42.62;252.80;32.35;265.11;21.90;275.83;11.63;286.00;1.87;296.32;--;--;--;--;--;--;
2016-07-26;--;--;--;--;--;--;--;--;--;--;--;--;5.89;68.22;15.90;78.42;26.28;88.75;36.69;100.02;46.70;113.50;55.54;131.24;61.79;155.91;63.39;186.77;59.54;215.59;51.94;237.00;42.46;252.59;32.20;264.92;21.74;275.66;11.47;285.84;1.70;296.17;--;--;--;--;--;--;
2016-07-27;--;--;--;--;--;--;--;--;--;--;--;--;5.73;68.37;15.74;78.59;26.13;88.94;36.54;100.23;46.53;113.72;55.35;131.47;61.58;156.06;63.16;186.74;59.34;215.40;51.76;236.78;42.30;252.38;32.05;264.72;21.59;275.48;11.31;285.68;1.53;296.03;--;--;--;--;--;--;
2016-07-28;--;--;--;--;--;--;--;--;--;--;--;--;5.56;68.54;15.59;78.77;25.97;89.13;36.38;100.44;46.36;113.96;55.16;131.70;61.36;156.22;62.93;186.70;59.12;215.22;51.57;236.56;42.13;252.16;31.88;264.52;21.42;275.30;11.14;285.51;1.35;295.87;--;--;--;--;--;--;
2016-07-29;--;--;--;--;--;--;--;--;--;--;--;--;5.39;68.70;15.43;78.95;25.82;89.33;36.22;100.66;46.19;114.20;54.97;131.94;61.13;156.38;62.69;186.68;58.91;215.04;51.38;236.33;41.95;251.94;31.71;264.32;21.26;275.11;10.96;285.34;1.16;295.72;--;--;--;--;--;--;
2016-07-30;--;--;--;--;--;--;--;--;--;--;--;--;5.23;68.88;15.27;79.14;25.66;89.53;36.06;100.89;46.02;114.44;54.77;132.19;60.90;156.55;62.45;186.65;58.68;214.86;51.18;236.11;41.77;251.72;31.54;264.12;21.08;274.93;10.78;285.18;0.97;295.57;--;--;--;--;--;--;
2016-07-31;--;--;--;--;--;--;--;--;--;--;--;--;5.05;69.06;15.11;79.33;25.50;89.74;35.90;101.12;45.85;114.69;54.57;132.44;60.67;156.72;62.20;186.63;58.45;214.68;50.97;235.88;41.58;251.50;31.36;263.92;20.90;274.75;10.60;285.01;0.78;295.41;--;--;--;--;--;--;
2016-08-01;--;--;--;--;--;--;--;--;--;--;--;--;4.88;69.24;14.94;79.53;25.34;89.96;35.74;101.35;45.67;114.95;54.37;132.69;60.43;156.90;61.95;186.62;58.21;214.51;50.76;235.66;41.39;251.28;31.18;263.72;20.72;274.56;10.41;284.83;0.58;295.26;--;--;--;--;--;--;
2016-08-02;--;--;--;--;--;--;--;--;--;--;--;--;4.71;69.43;14.78;79.73;25.18;90.18;35.57;101.59;45.49;115.21;54.16;132.95;60.19;157.08;61.69;186.61;57.97;214.33;50.55;235.43;41.19;251.06;30.99;263.51;20.53;274.37;10.21;284.66;0.37;295.10;--;--;--;--;--;--;
2016-08-03;--;--;--;--;--;--;--;--;--;--;--;--;4.53;69.62;14.61;79.94;25.02;90.41;35.40;101.84;45.30;115.48;53.95;133.22;59.95;157.27;61.43;186.61;57.73;214.17;50.33;235.21;40.99;250.84;30.79;263.30;20.33;274.18;10.01;284.49;0.16;294.94;--;--;--;--;--;--;
2016-08-04;--;--;--;--;--;--;--;--;--;--;--;--;4.35;69.82;14.44;80.15;24.85;90.64;35.23;102.09;45.12;115.75;53.73;133.49;59.70;157.46;61.16;186.61;57.47;214.00;50.10;234.99;40.78;250.62;30.59;263.10;20.13;273.99;9.81;284.31;-0.06;294.78;--;--;--;--;--;--;
2016-08-05;--;--;--;--;--;--;--;--;--;--;--;--;4.17;70.02;14.27;80.37;24.68;90.87;35.06;102.35;44.93;116.03;53.52;133.77;59.44;157.65;60.88;186.61;57.21;213.84;49.86;234.77;40.56;250.40;30.38;262.89;19.93;273.80;9.59;284.13;-0.28;294.62;--;--;--;--;--;--;
2016-08-06;--;--;--;--;--;--;--;--;--;--;--;--;3.99;70.23;14.10;80.59;24.51;91.11;34.88;102.61;44.74;116.31;53.29;134.05;59.19;157.85;60.61;186.62;56.95;213.68;49.63;234.55;40.34;250.17;30.17;262.68;19.72;273.60;9.38;283.95;-0.50;294.45;--;--;--;--;--;--;
2016-08-07;--;--;--;--;--;--;--;--;--;--;--;--;3.80;70.44;13.92;80.82;24.34;91.36;34.71;102.88;44.54;116.60;53.07;134.34;58.92;158.06;60.33;186.63;56.68;213.52;49.38;234.33;40.12;249.95;29.96;262.47;19.50;273.41;9.16;283.77;-0.74;294.29;--;--;--;--;--;--;
2016-08-08;--;--;--;--;--;--;--;--;--;--;--;--;3.62;70.66;13.75;81.05;24.17;91.61;34.53;103.15;44.35;116.89;52.84;134.62;58.66;158.27;60.04;186.65;56.41;213.37;49.13;234.11;39.89;249.73;29.73;262.26;19.28;273.21;8.93;283.59;--;--;--;--;--;--;--;--;
2016-08-09;--;--;--;--;--;--;--;--;--;--;--;--;3.43;70.88;13.57;81.29;24.00;91.86;34.35;103.43;44.15;117.18;52.61;134.92;58.39;158.48;59.75;186.67;56.13;213.22;48.88;233.89;39.65;249.50;29.51;262.04;19.06;273.01;8.70;283.41;--;--;--;--;--;--;--;--;
2016-08-10;--;--;--;--;--;--;--;--;--;--;--;--;3.24;71.11;13.39;81.53;23.82;92.12;34.17;103.71;43.95;117.49;52.38;135.22;58.12;158.69;59.45;186.69;55.84;213.07;48.62;233.68;39.41;249.28;29.28;261.83;18.83;272.82;8.47;283.23;--;--;--;--;--;--;--;--;
2016-08-11;--;--;--;--;--;--;--;--;--;--;--;--;3.05;71.34;13.21;81.78;23.64;92.38;33.98;103.99;43.75;117.79;52.14;135.52;57.84;158.91;59.15;186.72;55.55;212.92;48.35;233.47;39.16;249.06;29.04;261.62;18.59;272.62;8.23;283.04;--;--;--;--;--;--;--;--;
2016-08-12;--;--;--;--;--;--;--;--;--;--;--;--;2.86;71.58;13.03;82.03;23.47;92.65;33.80;104.28;43.54;118.10;51.91;135.82;57.56;159.13;58.85;186.75;55.26;212.78;48.08;233.25;38.91;248.84;28.80;261.41;18.35;272.42;7.98;282.86;--;--;--;--;--;--;--;--;
2016-08-13;--;--;--;--;--;--;--;--;--;--;--;--;2.67;71.82;12.85;82.28;23.29;92.92;33.61;104.57;43.33;118.41;51.66;136.13;57.27;159.35;58.54;186.78;54.96;212.65;47.81;233.04;38.66;248.61;28.55;261.19;18.11;272.22;7.73;282.67;--;--;--;--;--;--;--;--;
2016-08-14;--;--;--;--;--;--;--;--;--;--;--;--;2.48;72.06;12.67;82.54;23.10;93.20;33.42;104.87;43.12;118.73;51.42;136.44;56.99;159.58;58.23;186.82;54.66;212.51;47.53;232.84;38.40;248.39;28.30;260.98;17.86;272.02;7.48;282.49;--;--;--;--;--;--;--;--;
2016-08-15;--;--;--;--;--;--;--;--;--;--;--;--;2.28;72.31;12.48;82.80;22.92;93.48;33.23;105.17;42.91;119.05;51.17;136.75;56.70;159.80;57.91;186.86;54.35;212.38;47.24;232.63;38.13;248.17;28.05;260.77;17.61;271.82;7.22;282.30;--;--;--;--;--;--;--;--;
2016-08-16;--;--;--;--;--;--;--;--;--;--;--;--;2.09;72.56;12.30;83.07;22.74;93.76;33.03;105.48;42.69;119.37;50.92;137.07;56.40;160.03;57.59;186.90;54.04;212.25;46.95;232.43;37.86;247.95;27.79;260.55;17.35;271.62;6.96;282.11;--;--;--;--;--;--;--;--;
2016-08-17;--;--;--;--;--;--;--;--;--;--;--;--;1.89;72.82;12.11;83.34;22.55;94.05;32.84;105.78;42.48;119.70;50.67;137.39;56.10;160.27;57.27;186.95;53.72;212.13;46.66;232.22;37.59;247.73;27.52;260.34;17.09;271.41;6.69;281.92;--;--;--;--;--;--;--;--;
2016-08-18;--;--;--;--;--;--;--;--;--;--;--;--;1.69;73.08;11.92;83.61;22.36;94.34;32.64;106.09;42.26;120.03;50.41;137.71;55.80;160.50;56.94;186.99;53.40;212.00;46.36;232.02;37.31;247.51;27.25;260.12;16.82;271.21;6.42;281.73;--;--;--;--;--;--;--;--;
2016-08-19;--;--;--;--;--;--;--;--;--;--;--;--;1.49;73.34;11.73;83.89;22.17;94.63;32.44;106.41;42.04;120.36;50.15;138.03;55.50;160.73;56.61;187.04;53.08;211.88;46.06;231.82;37.02;247.30;26.98;259.91;16.55;271.01;6.15;281.54;--;--;--;--;--;--;--;--;
2016-08-20;--;--;--;--;--;--;--;--;--;--;--;--;1.29;73.61;11.54;84.17;21.98;94.93;32.24;106.73;41.81;120.69;49.89;138.36;55.19;160.97;56.28;187.10;52.75;211.77;45.75;231.63;36.74;247.08;26.70;259.70;16.28;270.80;5.87;281.35;--;--;--;--;--;--;--;--;
2016-08-21;--;--;--;--;--;--;--;--;--;--;--;--;1.09;73.88;11.35;84.45;21.79;95.23;32.04;107.05;41.59;121.03;49.62;138.68;54.88;161.21;55.94;187.15;52.42;211.65;45.44;231.43;36.44;246.86;26.42;259.48;16.00;270.60;5.59;281.16;--;--;--;--;--;--;--;--;
2016-08-22;--;--;--;--;--;--;--;--;--;--;--;--;0.89;74.16;11.16;84.74;21.60;95.54;31.84;107.37;41.36;121.37;49.35;139.01;54.57;161.45;55.60;187.21;52.08;211.54;45.13;231.24;36.15;246.65;26.14;259.27;15.72;270.40;5.31;280.97;--;--;--;--;--;--;--;--;
2016-08-23;--;--;--;--;--;--;--;--;--;--;--;--;0.69;74.44;10.96;85.03;21.41;95.84;31.63;107.70;41.13;121.71;49.08;139.34;54.25;161.68;55.26;187.27;51.74;211.44;44.81;231.05;35.85;246.43;25.85;259.06;15.43;270.19;5.02;280.78;--;--;--;--;--;--;--;--;
2016-08-24;--;--;--;--;--;--;--;--;--;--;--;--;0.48;74.72;10.77;85.33;21.21;96.15;31.42;108.03;40.89;122.06;48.81;139.67;53.93;161.92;54.91;187.33;51.40;211.33;44.49;230.86;35.54;246.22;25.56;258.84;15.14;269.99;4.72;280.59;--;--;--;--;--;--;--;--;
2016-08-25;--;--;--;--;--;--;--;--;--;--;--;--;0.28;75.00;10.57;85.62;21.01;96.46;31.22;108.36;40.66;122.40;48.53;140.00;53.61;162.16;54.56;187.39;51.06;211.23;44.16;230.68;35.24;246.01;25.26;258.63;14.85;269.78;4.43;280.39;--;--;--;--;--;--;--;--;
2016-08-26;--;--;--;--;--;--;--;--;--;--;--;--;0.07;75.29;10.38;85.92;20.82;96.78;31.00;108.69;40.42;122.75;48.26;140.33;53.29;162.40;54.20;187.46;50.71;211.13;43.83;230.49;34.93;245.80;24.96;258.42;14.56;269.58;4.13;280.20;--;--;--;--;--;--;--;--;
2016-08-27;--;--;--;--;--;--;--;--;--;--;--;--;-0.13;75.58;10.18;86.23;20.62;97.10;30.79;109.02;40.18;123.10;47.97;140.66;52.96;162.65;53.85;187.52;50.35;211.03;43.50;230.31;34.61;245.59;24.66;258.21;14.26;269.37;3.83;280.00;--;--;--;--;--;--;--;--;
2016-08-28;--;--;--;--;--;--;--;--;--;--;--;--;-0.34;75.88;9.98;86.53;20.42;97.42;30.58;109.36;39.94;123.45;47.69;141.00;52.63;162.89;53.49;187.59;50.00;210.94;43.16;230.13;34.29;245.38;24.35;258.00;13.96;269.17;3.52;279.81;--;--;--;--;--;--;--;--;
2016-08-29;--;--;--;--;--;--;--;--;--;--;--;--;-0.55;76.18;9.78;86.84;20.22;97.74;30.36;109.70;39.70;123.80;47.41;141.33;52.30;163.13;53.13;187.66;49.64;210.84;42.82;229.95;33.97;245.17;24.05;257.79;13.65;268.96;3.21;279.61;--;--;--;--;--;--;--;--;
2016-08-30;--;--;--;--;--;--;--;--;--;--;--;--;-0.76;76.48;9.58;87.15;20.01;98.06;30.15;110.04;39.45;124.15;47.12;141.66;51.96;163.37;52.76;187.73;49.28;210.75;42.48;229.78;33.65;244.97;23.73;257.58;13.34;268.76;2.90;279.42;--;--;--;--;--;--;--;--;
2016-08-31;--;--;--;--;--;--;--;--;--;--;--;--;--;--;9.38;87.46;19.81;98.39;29.93;110.38;39.20;124.50;46.83;141.99;51.62;163.60;52.40;187.80;48.91;210.67;42.13;229.60;33.32;244.76;23.42;257.37;13.03;268.55;2.59;279.22;--;--;--;--;--;--;--;--;
2016-09-01;--;--;--;--;--;--;--;--;--;--;--;--;--;--;9.18;87.78;19.60;98.72;29.71;110.73;38.95;124.86;46.53;142.33;51.28;163.84;52.03;187.87;48.54;210.58;41.78;229.43;32.99;244.56;23.10;257.16;12.72;268.35;2.27;279.03;--;--;--;--;--;--;--;--;
2016-09-02;--;--;--;--;--;--;--;--;--;--;--;--;--;--;8.97;88.09;19.40;99.05;29.48;111.07;38.70;125.21;46.24;142.66;50.94;164.08;51.66;187.94;48.18;210.49;41.43;229.26;32.66;244.36;22.78;256.95;12.40;268.14;1.96;278.83;--;--;--;--;--;--;--;--;
2016-09-03;--;--;--;--;--;--;--;--;--;--;--;--;--;--;8.77;88.41;19.19;99.38;29.26;111.42;38.45;125.56;45.94;142.99;50.59;164.32;51.28;188.01;47.80;210.41;41.08;229.09;32.32;244.15;22.46;256.74;12.08;267.94;1.64;278.63;--;--;--;--;--;--;--;--;
2016-09-04;--;--;--;--;--;--;--;--;--;--;--;--;--;--;8.57;88.73;18.98;99.71;29.03;111.77;38.19;125.92;45.64;143.32;50.25;164.55;50.91;188.08;47.43;210.33;40.72;228.92;31.98;243.95;22.13;256.53;11.76;267.73;1.31;278.43;--;--;--;--;--;--;--;--;
2016-09-05;--;--;--;--;--;--;--;--;--;--;--;--;--;--;8.36;89.06;18.77;100.05;28.81;112.12;37.93;126.27;45.34;143.65;49.90;164.79;50.53;188.16;47.05;210.25;40.36;228.76;31.64;243.75;21.80;256.32;11.44;267.53;0.99;278.24;--;--;--;--;--;--;--;--;
2016-09-06;--;--;--;--;--;--;--;--;--;--;--;--;--;--;8.15;89.38;18.56;100.38;28.58;112.46;37.67;126.63;45.03;143.97;49.55;165.02;50.15;188.23;46.67;210.17;40.00;228.59;31.30;243.56;21.47;256.11;11.11;267.32;0.66;278.04;--;--;--;--;--;--;--;--;
2016-09-07;--;--;--;--;--;--;--;--;--;--;--;--;--;--;7.95;89.71;18.35;100.72;28.35;112.81;37.41;126.98;44.73;144.30;49.19;165.25;49.77;188.30;46.29;210.10;39.64;228.43;30.95;243.36;21.14;255.91;10.79;267.12;0.33;277.84;--;--;--;--;--;--;--;--;
2016-09-08;--;--;--;--;--;--;--;--;--;--;--;--;--;--;7.74;90.04;18.13;101.06;28.12;113.16;37.15;127.33;44.42;144.63;48.84;165.48;49.39;188.38;45.91;210.02;39.27;228.27;30.61;243.16;20.80;255.70;10.46;266.91;0.00;277.64;--;--;--;--;--;--;--;--;
2016-09-09;--;--;--;--;--;--;--;--;--;--;--;--;--;--;7.53;90.37;17.92;101.40;27.88;113.51;36.88;127.69;44.11;144.95;48.48;165.71;49.00;188.45;45.53;209.95;38.90;228.11;30.26;242.97;20.47;255.50;10.13;266.70;-0.33;277.44;--;--;--;--;--;--;--;--;
2016-09-10;--;--;--;--;--;--;--;--;--;--;--;--;--;--;7.32;90.70;17.70;101.74;27.65;113.86;36.61;128.04;43.80;145.27;48.12;165.94;48.62;188.52;45.14;209.88;38.53;227.95;29.91;242.77;20.13;255.29;9.79;266.50;-0.67;277.24;--;--;--;--;--;--;--;--;
2016-09-11;--;--;--;--;--;--;--;--;--;--;--;--;--;--;7.11;91.03;17.49;102.08;27.41;114.21;36.34;128.39;43.48;145.59;47.76;166.16;48.23;188.59;44.75;209.81;38.16;227.80;29.55;242.58;19.79;255.08;9.46;266.29;--;--;--;--;--;--;--;--;--;--;
2016-09-12;--;--;--;--;--;--;--;--;--;--;--;--;--;--;6.90;91.36;17.27;102.42;27.17;114.56;36.07;128.74;43.16;145.91;47.40;166.39;47.84;188.66;44.36;209.74;37.79;227.64;29.20;242.39;19.45;254.88;9.13;266.09;--;--;--;--;--;--;--;--;--;--;
2016-09-13;--;--;--;--;--;--;--;--;--;--;--;--;--;--;6.69;91.69;17.05;102.76;26.93;114.91;35.80;129.09;42.85;146.23;47.04;166.61;47.45;188.73;43.97;209.67;37.42;227.49;28.84;242.20;19.11;254.68;8.79;265.88;--;--;--;--;--;--;--;--;--;--;
2016-09-14;--;--;--;--;--;--;--;--;--;--;--;--;--;--;6.48;92.03;16.83;103.10;26.69;115.26;35.52;129.44;42.53;146.54;46.67;166.83;47.06;188.80;43.58;209.60;37.04;227.34;28.49;242.01;18.76;254.47;8.45;265.67;--;--;--;--;--;--;--;--;--;--;
2016-09-15;--;--;--;--;--;--;--;--;--;--;--;--;--;--;6.26;92.36;16.61;103.44;26.45;115.61;35.25;129.78;42.21;146.85;46.31;167.04;46.67;188.87;43.19;209.53;36.67;227.19;28.13;241.82;18.42;254.27;8.11;265.47;--;--;--;--;--;--;--;--;--;--;
2016-09-16;--;--;--;--;--;--;--;--;--;--;--;--;--;--;6.05;92.69;16.38;103.78;26.21;115.96;34.97;130.13;41.88;147.16;45.94;167.26;46.27;188.94;42.80;209.47;36.29;227.03;27.77;241.63;18.07;254.06;7.77;265.26;--;--;--;--;--;--;--;--;--;--;
2016-09-17;--;--;--;--;--;--;--;--;--;--;--;--;--;--;5.83;93.03;16.16;104.12;25.96;116.31;34.69;130.47;41.56;147.46;45.57;167.47;45.88;189.01;42.41;209.40;35.91;226.89;27.41;241.44;17.72;253.86;7.43;265.05;--;--;--;--;--;--;--;--;--;--;
2016-09-18;--;--;--;--;--;--;--;--;--;--;--;--;--;--;5.62;93.37;15.94;104.46;25.72;116.65;34.41;130.81;41.23;147.77;45.20;167.68;45.49;189.07;42.01;209.33;35.53;226.74;27.05;241.25;17.38;253.66;7.09;264.85;--;--;--;--;--;--;--;--;--;--;
2016-09-19;--;--;--;--;--;--;--;--;--;--;--;--;--;--;5.40;93.70;15.71;104.80;25.47;117.00;34.13;131.15;40.91;148.07;44.83;167.88;45.09;189.14;41.62;209.27;35.15;226.59;26.69;241.06;17.03;253.46;6.75;264.64;--;--;--;--;--;--;--;--;--;--;
2016-09-20;--;--;--;--;--;--;--;--;--;--;--;--;--;--;5.19;94.04;15.48;105.14;25.22;117.34;33.84;131.49;40.58;148.37;44.46;168.08;44.69;189.20;41.22;209.20;34.77;226.44;26.33;240.88;16.68;253.25;6.41;264.43;--;--;--;--;--;--;--;--;--;--;
2016-09-21;--;--;--;--;--;--;--;--;--;--;--;--;--;--;4.97;94.37;15.26;105.48;24.97;117.68;33.56;131.82;40.25;148.66;44.09;168.28;44.30;189.27;40.82;209.14;34.39;226.30;25.96;240.69;16.33;253.05;6.07;264.23;--;--;--;--;--;--;--;--;--;--;
2016-09-22;--;--;--;--;--;--;--;--;--;--;--;--;--;--;4.75;94.71;15.03;105.82;24.72;118.02;33.27;132.15;39.92;148.95;43.72;168.48;43.90;189.33;40.43;209.07;34.01;226.15;25.60;240.51;15.98;252.85;5.73;264.02;--;--;--;--;--;--;--;--;--;--;
2016-09-23;--;--;--;--;--;--;--;--;--;--;--;--;--;--;4.53;95.04;14.80;106.16;24.46;118.36;32.98;132.48;39.59;149.24;43.34;168.68;43.50;189.39;40.03;209.01;33.63;226.01;25.24;240.32;15.64;252.65;5.39;263.81;--;--;--;--;--;--;--;--;--;--;
2016-09-24;--;--;--;--;--;--;--;--;--;--;--;--;--;--;4.31;95.38;14.57;106.50;24.21;118.70;32.69;132.81;39.25;149.52;42.97;168.87;43.11;189.44;39.64;208.94;33.25;225.86;24.88;240.14;15.29;252.45;5.05;263.60;--;--;--;--;--;--;--;--;--;--;
2016-09-25;--;--;--;--;--;--;--;--;--;--;--;--;--;--;4.09;95.71;14.33;106.83;23.95;119.04;32.40;133.13;38.92;149.80;42.59;169.05;42.71;189.50;39.24;208.88;32.87;225.72;24.51;239.95;14.94;252.24;4.71;263.39;--;--;--;--;--;--;--;--;--;--;
2016-09-26;--;--;--;--;--;--;--;--;--;--;--;--;--;--;3.87;96.04;14.10;107.16;23.70;119.37;32.11;133.45;38.58;150.08;42.22;169.24;42.31;189.55;38.85;208.81;32.49;225.58;24.15;239.77;14.59;252.04;4.37;263.18;--;--;--;--;--;--;--;--;--;--;
2016-09-27;--;--;--;--;--;--;--;--;--;--;--;--;--;--;3.65;96.38;13.87;107.50;23.44;119.70;31.82;133.77;38.25;150.36;41.85;169.42;41.92;189.61;38.45;208.75;32.11;225.44;23.79;239.59;14.24;251.84;4.03;262.97;--;--;--;--;--;--;--;--;--;--;
2016-09-28;--;--;--;--;--;--;--;--;--;--;--;--;--;--;3.43;96.71;13.63;107.83;23.18;120.03;31.52;134.09;37.91;150.63;41.47;169.60;41.52;189.66;38.06;208.68;31.73;225.29;23.43;239.41;13.90;251.64;3.69;262.76;--;--;--;--;--;--;--;--;--;--;
2016-09-29;--;--;--;--;--;--;--;--;--;--;--;--;--;--;3.21;97.04;13.40;108.16;22.92;120.36;31.23;134.40;37.57;150.89;41.09;169.77;41.13;189.71;37.66;208.62;31.35;225.15;23.07;239.22;13.55;251.44;3.35;262.55;--;--;--;--;--;--;--;--;--;--;
2016-09-30;--;--;--;--;--;--;--;--;--;--;--;--;--;--;2.98;97.36;13.16;108.49;22.66;120.68;30.93;134.71;37.24;151.15;40.72;169.94;40.73;189.75;37.27;208.55;30.98;225.01;22.71;239.04;13.21;251.24;3.02;262.34;--;--;--;--;--;--;--;--;--;--;
2016-10-01;--;--;--;--;--;--;--;--;--;--;--;--;--;--;2.76;97.69;12.92;108.81;22.40;121.00;30.63;135.01;36.90;151.41;40.34;170.11;40.34;189.80;36.88;208.48;30.60;224.87;22.35;238.86;12.86;251.04;2.68;262.13;--;--;--;--;--;--;--;--;--;--;
2016-10-02;--;--;--;--;--;--;--;--;--;--;--;--;--;--;2.54;98.02;12.69;109.13;22.14;121.32;30.34;135.31;36.56;151.67;39.97;170.27;39.94;189.84;36.49;208.42;30.22;224.73;21.99;238.68;12.52;250.83;2.35;261.92;--;--;--;--;--;--;--;--;--;--;
2016-10-03;--;--;--;--;--;--;--;--;--;--;--;--;--;--;2.31;98.34;12.45;109.46;21.87;121.64;30.04;135.61;36.22;151.92;39.59;170.43;39.55;189.88;36.10;208.35;29.85;224.59;21.64;238.50;12.18;250.63;2.02;261.71;--;--;--;--;--;--;--;--;--;--;
2016-10-04;--;--;--;--;--;--;--;--;--;--;--;--;--;--;2.09;98.66;12.21;109.78;21.61;121.95;29.74;135.91;35.88;152.16;39.22;170.59;39.16;189.92;35.71;208.28;29.48;224.45;21.28;238.32;11.84;250.43;1.68;261.50;--;--;--;--;--;--;--;--;--;--;
2016-10-05;--;--;--;--;--;--;--;--;--;--;--;--;--;--;1.86;98.99;11.97;110.09;21.34;122.26;29.44;136.20;35.54;152.40;38.85;170.74;38.77;189.95;35.32;208.21;29.10;224.30;20.93;238.14;11.50;250.23;1.36;261.29;--;--;--;--;--;--;--;--;--;--;
2016-10-06;--;--;--;--;--;--;--;--;--;--;--;--;--;--;1.63;99.30;11.73;110.41;21.08;122.57;29.14;136.48;35.20;152.64;38.47;170.89;38.38;189.99;34.93;208.14;28.73;224.16;20.58;237.95;11.17;250.03;1.03;261.07;--;--;--;--;--;--;--;--;--;--;
2016-10-07;--;--;--;--;--;--;--;--;--;--;--;--;--;--;1.41;99.62;11.49;110.72;20.81;122.87;28.84;136.77;34.86;152.87;38.10;171.03;37.99;190.02;34.55;208.07;28.37;224.02;20.23;237.77;10.83;249.83;0.70;260.86;--;--;--;--;--;--;--;--;--;--;
2016-10-08;--;--;--;--;--;--;--;--;--;--;--;--;--;--;1.18;99.94;11.24;111.03;20.54;123.17;28.54;137.04;34.53;153.10;37.73;171.17;37.60;190.05;34.17;207.99;28.00;223.88;19.88;237.59;10.50;249.62;0.38;260.65;--;--;--;--;--;--;--;--;--;--;
2016-10-09;--;--;--;--;--;--;--;--;--;--;--;--;--;--;0.95;100.25;11.00;111.33;20.28;123.47;28.24;137.32;34.19;153.33;37.36;171.31;37.22;190.07;33.79;207.92;27.63;223.74;19.54;237.41;10.17;249.42;0.06;260.43;--;--;--;--;--;--;--;--;--;--;
2016-10-10;--;--;--;--;--;--;--;--;--;--;--;--;--;--;0.72;100.56;10.76;111.64;20.01;123.76;27.93;137.59;33.85;153.55;36.99;171.44;36.83;190.10;33.41;207.84;27.27;223.60;19.19;237.23;9.84;249.22;-0.26;260.22;--;--;--;--;--;--;--;--;--;--;
2016-10-11;--;--;--;--;--;--;--;--;--;--;--;--;--;--;0.50;100.86;10.51;111.94;19.74;124.05;27.63;137.85;33.51;153.76;36.62;171.57;36.45;190.12;33.03;207.77;26.91;223.45;18.85;237.05;9.52;249.02;-0.57;260.00;--;--;--;--;--;--;--;--;--;--;
2016-10-12;--;--;--;--;--;--;--;--;--;--;--;--;--;--;0.27;101.17;10.27;112.23;19.47;124.34;27.33;138.11;33.17;153.97;36.26;171.69;36.07;190.13;32.66;207.69;26.55;223.31;18.51;236.87;9.19;248.81;--;--;--;--;--;--;--;--;--;--;--;--;
2016-10-13;--;--;--;--;--;--;--;--;--;--;--;--;--;--;0.04;101.47;10.03;112.53;19.20;124.62;27.03;138.37;32.84;154.17;35.89;171.81;35.70;190.15;32.28;207.61;26.20;223.17;18.17;236.69;8.87;248.61;--;--;--;--;--;--;--;--;--;--;--;--;
2016-10-14;--;--;--;--;--;--;--;--;--;--;--;--;--;--;-0.19;101.77;9.78;112.82;18.93;124.90;26.73;138.62;32.50;154.37;35.53;171.93;35.32;190.16;31.91;207.53;25.85;223.02;17.84;236.51;8.55;248.41;--;--;--;--;--;--;--;--;--;--;--;--;
2016-10-15;--;--;--;--;--;--;--;--;--;--;--;--;--;--;-0.42;102.06;9.54;113.10;18.66;125.17;26.43;138.87;32.16;154.57;35.16;172.04;34.95;190.17;31.55;207.45;25.50;222.88;17.51;236.32;8.24;248.21;--;--;--;--;--;--;--;--;--;--;--;--;
2016-10-16;--;--;--;--;--;--;--;--;--;--;--;--;--;--;-0.65;102.36;9.29;113.39;18.39;125.44;26.12;139.11;31.83;154.76;34.80;172.15;34.58;190.18;31.18;207.37;25.15;222.74;17.18;236.14;7.93;248.00;--;--;--;--;--;--;--;--;--;--;--;--;
2016-10-17;--;--;--;--;--;--;--;--;--;--;--;--;--;--;--;--;9.04;113.66;18.12;125.70;25.82;139.35;31.50;154.94;34.45;172.25;34.21;190.19;30.82;207.29;24.80;222.59;16.86;235.96;7.62;247.80;--;--;--;--;--;--;--;--;--;--;--;--;
2016-10-18;--;--;--;--;--;--;--;--;--;--;--;--;--;--;--;--;8.80;113.94;17.85;125.96;25.52;139.58;31.16;155.12;34.09;172.35;33.84;190.19;30.46;207.20;24.46;222.45;16.54;235.78;7.32;247.60;--;--;--;--;--;--;--;--;--;--;--;--;
2016-10-19;--;--;--;--;--;--;--;--;--;--;--;--;--;--;--;--;8.55;114.21;17.58;126.22;25.22;139.81;30.83;155.30;33.73;172.44;33.48;190.19;30.11;207.12;24.13;222.30;16.22;235.60;7.02;247.39;--;--;--;--;--;--;--;--;--;--;--;--;
2016-10-20;--;--;--;--;--;--;--;--;--;--;--;--;--;--;--;--;8.31;114.48;17.31;126.47;24.92;140.03;30.50;155.47;33.38;172.53;33.12;190.18;29.75;207.03;23.79;222.15;15.90;235.41;6.72;247.19;--;--;--;--;--;--;--;--;--;--;--;--;
2016-10-21;--;--;--;--;--;--;--;--;--;--;--;--;--;--;--;--;8.06;114.74;17.04;126.72;24.62;140.25;30.17;155.64;33.03;172.62;32.76;190.18;29.41;206.94;23.46;222.01;15.59;235.23;6.42;246.98;--;--;--;--;--;--;--;--;--;--;--;--;
2016-10-22;--;--;--;--;--;--;--;--;--;--;--;--;--;--;--;--;7.82;115.00;16.77;126.96;24.33;140.46;29.85;155.80;32.68;172.70;32.40;190.17;29.06;206.85;23.13;221.86;15.29;235.05;6.13;246.78;--;--;--;--;--;--;--;--;--;--;--;--;
2016-10-23;--;--;--;--;--;--;--;--;--;--;--;--;--;--;--;--;7.57;115.25;16.50;127.20;24.03;140.67;29.52;155.95;32.34;172.78;32.05;190.16;28.72;206.76;22.81;221.71;14.98;234.87;5.85;246.57;--;--;--;--;--;--;--;--;--;--;--;--;
2016-10-24;--;--;--;--;--;--;--;--;--;--;--;--;--;--;--;--;7.32;115.50;16.23;127.43;23.73;140.87;29.20;156.10;31.99;172.85;31.71;190.14;28.38;206.67;22.49;221.56;14.68;234.68;5.57;246.37;--;--;--;--;--;--;--;--;--;--;--;--;
2016-10-25;--;--;--;--;--;--;--;--;--;--;--;--;--;--;--;--;7.08;115.75;15.97;127.66;23.44;141.06;28.88;156.24;31.65;172.92;31.36;190.12;28.04;206.57;22.17;221.41;14.39;234.50;5.29;246.17;--;--;--;--;--;--;--;--;--;--;--;--;
2016-10-26;--;--;--;--;--;--;--;--;--;--;--;--;--;--;--;--;6.83;115.99;15.70;127.88;23.15;141.26;28.56;156.38;31.32;172.99;31.02;190.10;27.71;206.47;21.86;221.26;14.10;234.32;5.01;245.96;--;--;--;--;--;--;--;--;--;--;--;--;
2016-10-27;--;--;--;--;--;--;--;--;--;--;--;--;--;--;--;--;6.59;116.23;15.43;128.10;22.85;141.44;28.24;156.52;30.98;173.05;30.68;190.08;27.39;206.38;21.55;221.11;13.81;234.13;4.74;245.76;--;--;--;--;--;--;--;--;--;--;--;--;
2016-10-28;--;--;--;--;--;--;--;--;--;--;--;--;--;--;--;--;6.34;116.46;15.17;128.31;22.56;141.62;27.93;156.65;30.65;173.10;30.35;190.05;27.06;206.28;21.25;220.96;13.53;233.95;4.48;245.55;--;--;--;--;--;--;--;--;--;--;--;--;
2016-10-29;--;--;--;--;--;--;--;--;--;--;--;--;--;--;--;--;6.10;116.69;14.90;128.52;22.27;141.80;27.61;156.77;30.32;173.15;30.02;190.02;26.75;206.18;20.95;220.81;13.25;233.77;4.22;245.35;--;--;--;--;--;--;--;--;--;--;--;--;
2016-10-30;--;--;--;--;--;--;--;--;--;--;--;--;--;--;--;--;5.86;116.91;14.64;128.72;21.99;141.97;27.30;156.89;30.00;173.20;29.69;189.99;26.43;206.07;20.66;220.66;12.98;233.58;3.97;245.14;--;--;--;--;--;--;--;--;--;--;--;--;
2016-10-31;--;--;--;--;--;--;--;--;--;--;--;--;--;--;--;--;5.62;117.12;14.38;128.91;21.70;142.13;27.00;157.00;29.68;173.24;29.37;189.95;26.12;205.97;20.37;220.51;12.71;233.40;3.72;244.94;--;--;--;--;--;--;--;--;--;--;--;--;
2016-11-01;--;--;--;--;--;--;--;--;--;--;--;--;--;--;--;--;5.37;117.33;14.12;129.10;21.42;142.29;26.69;157.11;29.36;173.28;29.05;189.91;25.82;205.86;20.08;220.35;12.44;233.21;3.47;244.73;--;--;--;--;--;--;--;--;--;--;--;--;
2016-11-02;--;--;--;--;--;--;--;--;--;--;--;--;--;--;--;--;5.13;117.54;13.86;129.29;21.13;142.44;26.39;157.21;29.04;173.31;28.74;189.87;25.52;205.76;19.80;220.20;12.18;233.03;3.23;244.53;--;--;--;--;--;--;--;--;--;--;--;--;
2016-11-03;--;--;--;--;--;--;--;--;--;--;--;--;--;--;--;--;4.89;117.74;13.60;129.47;20.85;142.59;26.09;157.31;28.73;173.34;28.43;189.83;25.22;205.65;19.53;220.04;11.93;232.85;2.99;244.33;--;--;--;--;--;--;--;--;--;--;--;--;
2016-11-04;--;--;--;--;--;--;--;--;--;--;--;--;--;--;--;--;4.66;117.94;13.34;129.64;20.58;142.73;25.79;157.40;28.43;173.37;28.13;189.78;24.93;205.54;19.26;219.89;11.68;232.66;2.77;244.12;--;--;--;--;--;--;--;--;--;--;--;--;
2016-11-05;--;--;--;--;--;--;--;--;--;--;--;--;--;--;--;--;4.42;118.13;13.08;129.81;20.30;142.86;25.50;157.49;28.12;173.39;27.83;189.73;24.65;205.43;18.99;219.73;11.44;232.48;2.54;243.92;--;--;--;--;--;--;--;--;--;--;--;--;
2016-11-06;--;--;--;--;--;--;--;--;--;--;--;--;--;--;--;--;4.18;118.31;12.83;129.97;20.03;142.99;25.21;157.57;27.83;173.41;27.53;189.68;24.37;205.32;18.73;219.58;11.20;232.29;2.32;243.72;--;--;--;--;--;--;--;--;--;--;--;--;
2016-11-07;--;--;--;--;--;--;--;--;--;--;--;--;--;--;--;--;3.95;118.49;12.58;130.13;19.76;143.12;24.92;157.64;27.53;173.42;27.24;189.62;24.09;205.20;18.48;219.42;10.97;232.11;2.11;243.52;--;--;--;--;--;--;--;--;--;--;--;--;
2016-11-08;--;--;--;--;--;--;--;--;--;--;--;--;--;--;--;--;3.71;118.66;12.33;130.28;19.49;143.24;24.64;157.71;27.24;173.43;26.96;189.56;23.82;205.09;18.23;219.26;10.74;231.93;1.90;243.31;--;--;--;--;--;--;--;--;--;--;--;--;
2016-11-09;--;--;--;--;--;--;--;--;--;--;--;--;--;--;--;--;3.48;118.83;12.08;130.43;19.22;143.35;24.36;157.78;26.96;173.43;26.68;189.50;23.56;204.97;17.99;219.11;10.52;231.74;1.70;243.11;--;--;--;--;--;--;--;--;--;--;--;--;
2016-11-10;--;--;--;--;--;--;--;--;--;--;--;--;--;--;--;--;3.25;118.99;11.83;130.57;18.96;143.46;24.09;157.84;26.68;173.43;26.40;189.44;23.30;204.85;17.75;218.95;10.31;231.56;1.50;242.91;--;--;--;--;--;--;--;--;--;--;--;--;
2016-11-11;--;--;--;--;--;--;--;--;--;--;--;--;--;--;--;--;3.02;119.15;11.59;130.70;18.70;143.56;23.81;157.89;26.40;173.43;26.13;189.37;23.05;204.73;17.52;218.79;10.10;231.38;1.31;242.71;--;--;--;--;--;--;--;--;--;--;--;--;
2016-11-12;--;--;--;--;--;--;--;--;--;--;--;--;--;--;--;--;2.79;119.30;11.35;130.83;18.44;143.65;23.55;157.94;26.13;173.42;25.87;189.30;22.80;204.61;17.30;218.63;9.90;231.20;1.13;242.52;--;--;--;--;--;--;--;--;--;--;--;--;
2016-11-13;--;--;--;--;--;--;--;--;--;--;--;--;--;--;--;--;2.57;119.45;11.11;130.95;18.19;143.74;23.28;157.99;25.86;173.41;25.61;189.23;22.56;204.49;17.08;218.48;9.70;231.02;0.95;242.32;--;--;--;--;--;--;--;--;--;--;--;--;
2016-11-14;--;--;--;--;--;--;--;--;--;--;--;--;--;--;--;--;2.35;119.59;10.87;131.07;17.94;143.83;23.02;158.03;25.60;173.39;25.35;189.16;22.32;204.36;16.86;218.32;9.51;230.83;0.78;242.12;--;--;--;--;--;--;--;--;--;--;--;--;
2016-11-15;--;--;--;--;--;--;--;--;--;--;--;--;--;--;--;--;2.12;119.72;10.64;131.18;17.69;143.91;22.77;158.06;25.34;173.37;25.11;189.08;22.09;204.24;16.66;218.16;9.32;230.65;0.61;241.93;--;--;--;--;--;--;--;--;--;--;--;--;
2016-11-16;--;--;--;--;--;--;--;--;--;--;--;--;--;--;--;--;1.90;119.84;10.41;131.28;17.45;143.98;22.51;158.09;25.09;173.35;24.87;189.00;21.87;204.11;16.45;218.00;9.14;230.47;0.45;241.73;--;--;--;--;--;--;--;--;--;--;--;--;
2016-11-17;--;--;--;--;--;--;--;--;--;--;--;--;--;--;--;--;1.69;119.97;10.18;131.38;17.21;144.05;22.27;158.11;24.84;173.32;24.63;188.92;21.65;203.99;16.26;217.84;8.97;230.30;0.30;241.54;--;--;--;--;--;--;--;--;--;--;--;--;
2016-11-18;--;--;--;--;--;--;--;--;--;--;--;--;--;--;--;--;1.47;120.08;9.95;131.47;16.98;144.11;22.03;158.13;24.60;173.29;24.40;188.84;21.44;203.86;16.07;217.69;8.81;230.12;0.15;241.35;--;--;--;--;--;--;--;--;--;--;--;--;
2016-11-19;--;--;--;--;--;--;--;--;--;--;--;--;--;--;--;--;1.26;120.19;9.73;131.56;16.74;144.16;21.79;158.15;24.37;173.25;24.18;188.75;21.23;203.73;15.89;217.53;8.65;229.94;0.01;241.16;--;--;--;--;--;--;--;--;--;--;--;--;
2016-11-20;--;--;--;--;--;--;--;--;--;--;--;--;--;--;--;--;1.05;120.29;9.51;131.64;16.52;144.21;21.56;158.16;24.14;173.21;23.96;188.66;21.04;203.60;15.71;217.37;8.49;229.77;-0.12;240.97;--;--;--;--;--;--;--;--;--;--;--;--;
2016-11-21;--;--;--;--;--;--;--;--;--;--;--;--;--;--;--;--;0.84;120.39;9.29;131.71;16.29;144.26;21.33;158.16;23.91;173.17;23.75;188.57;20.85;203.47;15.55;217.21;8.35;229.59;-0.25;240.78;--;--;--;--;--;--;--;--;--;--;--;--;
2016-11-22;--;--;--;--;--;--;--;--;--;--;--;--;--;--;--;--;0.64;120.48;9.08;131.78;16.07;144.30;21.11;158.16;23.70;173.12;23.54;188.48;20.66;203.34;15.38;217.06;8.21;229.42;-0.37;240.60;--;--;--;--;--;--;--;--;--;--;--;--;
2016-11-23;--;--;--;--;--;--;--;--;--;--;--;--;--;--;--;--;0.44;120.56;8.87;131.84;15.86;144.33;20.89;158.16;23.48;173.07;23.34;188.38;20.48;203.21;15.23;216.90;8.07;229.24;-0.48;240.41;--;--;--;--;--;--;--;--;--;--;--;--;
2016-11-24;--;--;--;--;--;--;--;--;--;--;--;--;--;--;--;--;0.24;120.64;8.67;131.90;15.65;144.36;20.68;158.15;23.28;173.02;23.15;188.28;20.31;203.08;15.08;216.74;7.95;229.07;-0.59;240.23;--;--;--;--;--;--;--;--;--;--;--;--;
2016-11-25;--;--;--;--;--;--;--;--;--;--;--;--;--;--;--;--;0.04;120.71;8.46;131.95;15.44;144.38;20.47;158.13;23.08;172.96;22.97;188.18;20.15;202.94;14.94;216.59;7.83;228.90;-0.69;240.05;--;--;--;--;--;--;--;--;--;--;--;--;
2016-11-26;--;--;--;--;--;--;--;--;--;--;--;--;--;--;--;--;-0.15;120.78;8.27;131.99;15.24;144.39;20.27;158.11;22.88;172.90;22.79;188.08;19.99;202.81;14.80;216.43;7.71;228.74;-0.79;239.87;--;--;--;--;--;--;--;--;--;--;--;--;
2016-11-27;--;--;--;--;--;--;--;--;--;--;--;--;--;--;--;--;-0.34;120.84;8.07;132.03;15.04;144.41;20.07;158.09;22.70;172.83;22.61;187.98;19.84;202.68;14.68;216.28;7.61;228.57;--;--;--;--;--;--;--;--;--;--;--;--;--;--;
2016-11-28;--;--;--;--;--;--;--;--;--;--;--;--;--;--;--;--;-0.52;120.89;7.88;132.06;14.85;144.41;19.88;158.06;22.51;172.77;22.45;187.87;19.69;202.54;14.55;216.12;7.51;228.40;--;--;--;--;--;--;--;--;--;--;--;--;--;--;
2016-11-29;--;--;--;--;--;--;--;--;--;--;--;--;--;--;--;--;-0.70;120.93;7.70;132.09;14.66;144.41;19.70;158.03;22.34;172.69;22.29;187.77;19.56;202.41;14.44;215.97;7.42;228.24;--;--;--;--;--;--;--;--;--;--;--;--;--;--;
2016-11-30;--;--;--;--;--;--;--;--;--;--;--;--;--;--;--;--;--;--;7.52;132.11;14.48;144.41;19.52;157.99;22.17;172.62;22.14;187.66;19.43;202.27;14.33;215.82;7.33;228.08;--;--;--;--;--;--;--;--;--;--;--;--;--;--;
2016-12-01;--;--;--;--;--;--;--;--;--;--;--;--;--;--;--;--;--;--;7.34;132.13;14.30;144.40;19.35;157.95;22.01;172.54;21.99;187.55;19.30;202.14;14.23;215.67;7.25;227.92;--;--;--;--;--;--;--;--;--;--;--;--;--;--;
2016-12-02;--;--;--;--;--;--;--;--;--;--;--;--;--;--;--;--;--;--;7.17;132.14;14.13;144.38;19.18;157.90;21.85;172.46;21.86;187.44;19.19;202.00;14.14;215.52;7.18;227.76;--;--;--;--;--;--;--;--;--;--;--;--;--;--;
2016-12-03;--;--;--;--;--;--;--;--;--;--;--;--;--;--;--;--;--;--;7.00;132.14;13.96;144.36;19.02;157.85;21.70;172.38;21.73;187.33;19.08;201.87;14.06;215.37;7.12;227.61;--;--;--;--;--;--;--;--;--;--;--;--;--;--;
2016-12-04;--;--;--;--;--;--;--;--;--;--;--;--;--;--;--;--;--;--;6.84;132.14;13.80;144.33;18.86;157.79;21.56;172.29;21.60;187.21;18.98;201.73;13.98;215.23;7.06;227.46;--;--;--;--;--;--;--;--;--;--;--;--;--;--;
2016-12-05;--;--;--;--;--;--;--;--;--;--;--;--;--;--;--;--;--;--;6.68;132.13;13.65;144.30;18.72;157.74;21.43;172.21;21.49;187.10;18.88;201.60;13.91;215.08;7.01;227.31;--;--;--;--;--;--;--;--;--;--;--;--;--;--;
2016-12-06;--;--;--;--;--;--;--;--;--;--;--;--;--;--;--;--;--;--;6.52;132.11;13.50;144.27;18.57;157.67;21.30;172.12;21.38;186.98;18.80;201.47;13.84;214.94;6.97;227.16;--;--;--;--;--;--;--;--;--;--;--;--;--;--;
2016-12-07;--;--;--;--;--;--;--;--;--;--;--;--;--;--;--;--;--;--;6.37;132.10;13.35;144.23;18.44;157.61;21.18;172.02;21.28;186.86;18.72;201.33;13.79;214.80;6.93;227.01;--;--;--;--;--;--;--;--;--;--;--;--;--;--;
2016-12-08;--;--;--;--;--;--;--;--;--;--;--;--;--;--;--;--;--;--;6.23;132.07;13.21;144.18;18.31;157.54;21.07;171.93;21.18;186.75;18.65;201.20;13.74;214.66;6.90;226.87;--;--;--;--;--;--;--;--;--;--;--;--;--;--;
2016-12-09;--;--;--;--;--;--;--;--;--;--;--;--;--;--;--;--;--;--;6.09;132.04;13.08;144.13;18.19;157.46;20.96;171.83;21.10;186.63;18.58;201.07;13.70;214.52;6.88;226.73;--;--;--;--;--;--;--;--;--;--;--;--;--;--;
2016-12-10;--;--;--;--;--;--;--;--;--;--;--;--;--;--;--;--;--;--;5.96;132.00;12.95;144.07;18.07;157.38;20.86;171.73;21.02;186.51;18.53;200.94;13.66;214.38;6.86;226.60;--;--;--;--;--;--;--;--;--;--;--;--;--;--;
2016-12-11;--;--;--;--;--;--;--;--;--;--;--;--;--;--;--;--;--;--;5.83;131.96;12.83;144.02;17.96;157.30;20.77;171.62;20.95;186.39;18.48;200.81;13.63;214.25;6.86;226.46;--;--;--;--;--;--;--;--;--;--;--;--;--;--;
2016-12-12;--;--;--;--;--;--;--;--;--;--;--;--;--;--;--;--;--;--;5.71;131.92;12.72;143.95;17.86;157.22;20.68;171.52;20.88;186.26;18.44;200.68;13.61;214.12;6.85;226.33;--;--;--;--;--;--;--;--;--;--;--;--;--;--;
2016-12-13;--;--;--;--;--;--;--;--;--;--;--;--;--;--;--;--;--;--;5.59;131.86;12.61;143.88;17.77;157.13;20.60;171.41;20.82;186.14;18.40;200.55;13.60;213.99;6.86;226.20;--;--;--;--;--;--;--;--;--;--;--;--;--;--;
2016-12-14;--;--;--;--;--;--;--;--;--;--;--;--;--;--;--;--;--;--;5.48;131.81;12.51;143.81;17.68;157.04;20.53;171.30;20.78;186.02;18.38;200.42;13.60;213.86;6.87;226.08;--;--;--;--;--;--;--;--;--;--;--;--;--;--;
2016-12-15;--;--;--;--;--;--;--;--;--;--;--;--;--;--;--;--;--;--;5.38;131.75;12.41;143.73;17.60;156.94;20.47;171.19;20.73;185.90;18.36;200.29;13.60;213.74;6.89;225.96;--;--;--;--;--;--;--;--;--;--;--;--;--;--;
2016-12-16;--;--;--;--;--;--;--;--;--;--;--;--;--;--;--;--;--;--;5.28;131.68;12.33;143.65;17.52;156.85;20.41;171.08;20.70;185.78;18.35;200.17;13.61;213.61;6.92;225.84;--;--;--;--;--;--;--;--;--;--;--;--;--;--;
2016-12-17;--;--;--;--;--;--;--;--;--;--;--;--;--;--;--;--;--;--;5.19;131.61;12.24;143.56;17.45;156.74;20.37;170.96;20.67;185.65;18.34;200.04;13.62;213.49;6.95;225.73;--;--;--;--;--;--;--;--;--;--;--;--;--;--;
2016-12-18;--;--;--;--;--;--;--;--;--;--;--;--;--;--;--;--;--;--;5.10;131.53;12.17;143.47;17.39;156.64;20.33;170.85;20.66;185.53;18.35;199.92;13.65;213.38;6.99;225.62;--;--;--;--;--;--;--;--;--;--;--;--;--;--;
2016-12-19;--;--;--;--;--;--;--;--;--;--;--;--;--;--;--;--;--;--;5.02;131.45;12.10;143.38;17.34;156.53;20.29;170.73;20.65;185.41;18.36;199.80;13.68;213.26;7.04;225.51;--;--;--;--;--;--;--;--;--;--;--;--;--;--;
2016-12-20;--;--;--;--;--;--;--;--;--;--;--;--;--;--;--;--;--;--;4.94;131.36;12.04;143.28;17.29;156.42;20.27;170.61;20.64;185.29;18.38;199.68;13.72;213.15;7.09;225.41;--;--;--;--;--;--;--;--;--;--;--;--;--;--;
2016-12-21;--;--;--;--;--;--;--;--;--;--;--;--;--;--;--;--;--;--;4.87;131.27;11.98;143.18;17.26;156.31;20.25;170.49;20.65;185.17;18.40;199.57;13.76;213.04;7.15;225.31;--;--;--;--;--;--;--;--;--;--;--;--;--;--;
2016-12-22;--;--;--;--;--;--;--;--;--;--;--;--;--;--;--;--;--;--;4.81;131.17;11.93;143.07;17.22;156.20;20.24;170.37;20.66;185.04;18.44;199.45;13.81;212.94;7.21;225.22;--;--;--;--;--;--;--;--;--;--;--;--;--;--;
2016-12-23;--;--;--;--;--;--;--;--;--;--;--;--;--;--;--;--;--;--;4.75;131.07;11.89;142.97;17.20;156.08;20.24;170.25;20.68;184.92;18.48;199.34;13.87;212.84;7.29;225.13;-0.81;236.28;--;--;--;--;--;--;--;--;--;--;--;--;
2016-12-24;--;--;--;--;--;--;--;--;--;--;--;--;--;--;--;--;--;--;4.70;130.97;11.85;142.85;17.18;155.96;20.24;170.12;20.71;184.80;18.52;199.23;13.94;212.74;7.37;225.05;-0.72;236.20;--;--;--;--;--;--;--;--;--;--;--;--;
2016-12-25;--;--;--;--;--;--;--;--;--;--;--;--;--;--;--;--;--;--;4.66;130.86;11.82;142.74;17.17;155.84;20.25;170.00;20.74;184.68;18.58;199.12;14.01;212.65;7.45;224.96;-0.62;236.13;--;--;--;--;--;--;--;--;--;--;--;--;
2016-12-26;--;--;--;--;--;--;--;--;--;--;--;--;--;--;--;--;--;--;4.62;130.75;11.80;142.62;17.17;155.71;20.27;169.88;20.78;184.57;18.64;199.01;14.09;212.55;7.54;224.89;-0.52;236.07;--;--;--;--;--;--;--;--;--;--;--;--;
2016-12-27;--;--;--;--;--;--;--;--;--;--;--;--;--;--;--;--;--;--;4.59;130.63;11.79;142.50;17.18;155.59;20.30;169.75;20.83;184.45;18.71;198.91;14.18;212.47;7.64;224.82;-0.42;236.01;--;--;--;--;--;--;--;--;--;--;--;--;
2016-12-28;--;--;--;--;--;--;--;--;--;--;--;--;--;--;--;--;--;--;4.57;130.51;11.78;142.37;17.19;155.46;20.34;169.62;20.89;184.33;18.79;198.81;14.27;212.38;7.75;224.75;-0.31;235.95;--;--;--;--;--;--;--;--;--;--;--;--;
2016-12-29;--;--;--;--;--;--;--;--;--;--;--;--;--;--;--;--;--;--;4.55;130.38;11.78;142.24;17.21;155.33;20.38;169.50;20.96;184.22;18.88;198.71;14.37;212.30;7.86;224.69;-0.19;235.91;--;--;--;--;--;--;--;--;--;--;--;--;
2016-12-30;--;--;--;--;--;--;--;--;--;--;--;--;--;--;--;--;--;--;4.54;130.26;11.79;142.11;17.24;155.20;20.43;169.37;21.03;184.10;18.97;198.61;14.48;212.23;7.97;224.63;-0.07;235.86;--;--;--;--;--;--;--;--;--;--;--;--;
2016-12-31;--;--;--;--;--;--;--;--;--;--;--;--;--;--;--;--;--;--;4.54;130.12;11.80;141.98;17.27;155.06;20.49;169.24;21.11;183.99;19.07;198.52;14.59;212.15;8.10;224.57;0.06;235.83;--;--;--;--;--;--;--;--;--;--;--;--;
